ID Sumber (Yang Aksi);ID Relasi;ID Target (Yang Dikenai)
2026|PER-1-PB-2026;R-01;2013|PP-45-2013
2026|PER-1-PB-2026;R-01;2016|PMK-262-2016
2026|PER-1-PB-2026;R-01;2017|PMK-188-2017
2026|PER-1-PB-2026;R-01;2023|PMK-62-2023
2026|PER-1-PB-2026;R-01;2024|PMK-124-2024
2018|PP-50-2018;R-04;2013|PP-45-2013
2022|PMK-158-2022;R-04;2017|PMK-188-2017
2024|PMK-107-2024;R-04;2023|PMK-62-2023
2025|PMK-117-2025;R-04;2024|PMK-124-2024
2026|PER-2-PB-2026;R-01;2024|PMK-100-2024
2026|PER-2-PB-2026;R-01;2024|PMK-124-2024
2026|PER-3-PB-2026;R-01;2018|PMK-191-2018
2026|PER-3-PB-2026;R-01;2018|PMK-216-2018
2026|PER-3-PB-2026;R-01;2020|PMK-146-2020
2026|PER-3-PB-2026;R-01;2020|PMK-224-2020
2026|PER-3-PB-2026;R-01;2023|PMK-123-2023
2026|PER-3-PB-2026;R-01;2024|PMK-124-2024
2026|PER-3-PB-2026;R-01;2025|PMK-38-2025
2026|PER-3-PB-2026;R-01;2025|PMK-191-2025
2026|PER-3-PB-2026;R-02;2017|PER-1-PB-2017
2026|PER-4-PB-2026;R-01;2010|PMK-250-2010
2026|PER-4-PB-2026;R-01;2014|PMK-154-2014
2026|PER-4-PB-2026;R-01;2016|PMK-262-2016
2026|PER-4-PB-2026;R-01;2020|PMK-182-2020
2026|PER-4-PB-2026;R-01;2020|PMK-171-2020
2026|PER-4-PB-2026;R-01;2012|PMK-229-2012
2026|PER-4-PB-2026;R-01;2023|PMK-62-2023
2026|PER-4-PB-2026;R-01;2023|PMK-155-2023
2026|PER-4-PB-2026;R-01;2023|PMK-163-2023
2026|PER-4-PB-2026;R-01;2024|PMK-14-2024
2026|PER-4-PB-2026;R-01;2024|PMK-25-2024
2026|PER-4-PB-2026;R-01;2024|PMK-33-2024
2026|PER-4-PB-2026;R-01;2024|PMK-67-2024
2026|PER-4-PB-2026;R-01;2024|PMK-91-2024
2026|PER-4-PB-2026;R-01;2024|PMK-124-2024
2026|PER-4-PB-2026;R-01;2025|PMK-119-2025
2026|PER-4-PB-2026;R-01;2026|PMK-7-2026
2026|PER-4-PB-2026;R-01;2013|PER-58-PB-2013
2026|PER-4-PB-2026;R-01;2014|PER-41-PB-2014
2026|PER-4-PB-2026;R-01;2015|PER-5-PB-2015
2026|PER-4-PB-2026;R-01;2018|PER-9-PB-2018
2023|PMK-158-2023;R-04;2020|PMK-171-2020
2025|PMK-88-2025;R-04;2023|PMK-163-2023
2026|PER-4-PB-2026;R-02;2018|PER-34-PB-2018
2026|PER-4-PB-2026;R-02;2020|PER-7-PB-2020
2026|PER-4-PB-2026;R-02;2021|PER-3-PB-2021
2025|PER-1-PB-2025;R-01;2024|PP-47-2024
2025|PER-1-PB-2025;R-01;2021|PMK-118-2021
2023|PMK-135-2023;R-04;2021|PMK-118-2021
2025|PER-2-PB-2025;R-01;2005|PP-23-2005
2025|PER-2-PB-2025;R-01;2020|PMK-129-2020
2025|PER-2-PB-2025;R-01;2023|PMK-31-2023
2025|PER-2-PB-2025;R-01;2023|PER-3-PB-2023
2012|PP-74-2012;R-04;2005|PP-23-2005
2022|PMK-202-2022;R-04;2020|PMK-129-2020
2025|PER-2-PB-2025;R-04;2023|PER-3-PB-2023
2025|PER-3-PB-2025;R-01;2013|PP-45-2013
2025|PER-3-PB-2025;R-01;2022|PMK-182-2022
2025|PER-3-PB-2025;R-01;2023|PMK-62-2023
2025|PER-4-PB-2025;R-01;2005|PP-23-2005
2025|PER-4-PB-2025;R-01;2020|PMK-129-2020
2025|PER-4-PB-2025;R-01;2024|PMK-126-2024
2025|PER-5-PB-2025;R-01;2005|PP-23-2005
2025|PER-5-PB-2025;R-01;2020|PMK-129-2020
2025|PER-5-PB-2025;R-01;2024|PMK-76-2024
2025|PER-6-PB-2025;R-01;2005|PP-23-2005
2025|PER-6-PB-2025;R-01;2020|PMK-129-2020
2025|PER-6-PB-2025;R-02;2017|PER-5-PB-2017
2025|PER-6-PB-2025;R-02;2015|KEP-348-PB-2015
2025|PER-6-PB-2025;R-02;2016|KEP-356-PB-2016
2025|PER-7-PB-2025;R-01;2005|PP-23-2005
2025|PER-7-PB-2025;R-01;2020|PMK-129-2020
2025|PER-7-PB-2025;R-01;2025|PMK-22-2025
2025|PER-8-PB-2025;R-01;2018|PERPRES-16-2018
2025|PER-8-PB-2025;R-01;2023|PERPRES-17-2023
2025|PER-8-PB-2025;R-01;2013|PMK-162-2013
2025|PER-8-PB-2025;R-01;2017|PMK-145-2017
2025|PER-8-PB-2025;R-01;2018|PMK-196-2018
2025|PER-8-PB-2025;R-01;2021|PMK-171-2021
2025|PER-8-PB-2025;R-01;2022|PMK-58-2022
2025|PER-8-PB-2025;R-01;2023|PMK-62-2023
2025|PER-8-PB-2025;R-01;2023|PMK-117-2023
2016|PMK-230-2016;R-04;2013|PMK-162-2013
2021|PMK-97-2021;R-04;2018|PMK-196-2018
2023|PMK-158-2023;R-04;2021|PMK-171-2021
2025|PER-8-PB-2025;R-02;2024|PER-17-PB-2024
2025|PER-9-PB-2025;R-01;2005|PP-23-2005
2025|PER-9-PB-2025;R-01;2020|PMK-129-2020
2025|PER-9-PB-2025;R-01;2025|PMK-31-2025
2025|PER-10-PB-2025;R-01;2005|PP-23-2005
2025|PER-10-PB-2025;R-01;2024|PERPRES-139-2024
2025|PER-10-PB-2025;R-01;2020|PMK-129-2020
2025|PER-10-PB-2025;R-01;2024|PMK-63-2024
2025|PER-10-PB-2025;R-01;2024|PMK-90-2024
2025|PER-11-PB-2025;R-01;2004|UU-1-2004
2025|PER-11-PB-2025;R-01;2005|PP-23-2005
2025|PER-11-PB-2025;R-01;2020|PMK-129-2020
2025|PER-11-PB-2025;R-01;2015|PER-7-PB-2015
2025|PER-11-PB-2025;R-01;2021|PER-11-PB-2021
2016|PER-48-PB-2016;R-04;2015|PER-7-PB-2015
2025|PER-11-PB-2025;R-01;2007|PER-62-PB-2007
2025|PER-12-PB-2025;R-01;2005|PP-23-2005
2025|PER-12-PB-2025;R-01;2020|PMK-129-2020
2025|PER-12-PB-2025;R-01;2025|PMK-41-2025
2025|PER-13-PB-2025;R-01;2005|PP-23-2005
2025|PER-13-PB-2025;R-01;2020|PMK-129-2020
2025|PER-13-PB-2025;R-01;2023|PMK-31-2023
2025|PER-13-PB-2025;R-01;2023|PER-3-PB-2023
2025|PER-13-PB-2025;R-04;2023|PER-3-PB-2023
2025|PER-14-PB-2025;R-01;2012|PMK-113-2012
2025|PER-14-PB-2025;R-01;2020|PMK-225-2020
2025|PER-14-PB-2025;R-01;2021|PMK-171-2021
2025|PER-14-PB-2025;R-01;2022|PMK-182-2022
2025|PER-14-PB-2025;R-01;2023|PMK-62-2023
2025|PER-14-PB-2025;R-01;2021|PER-17-PB-2021
2025|PER-15-PB-2025;R-01;2016|PMK-262-2016
2025|PER-15-PB-2025;R-01;2024|PMK-124-2024
2025|PER-15-PB-2025;R-03;2017|PER-19-PB-2017
2025|PER-15-PB-2025;R-03;2018|PER-9-PB-2018
2025|PER-15-PB-2025;R-03;2018|PER-34-PB-2018
2025|PER-15-PB-2025;R-03;2022|PER-6-PB-2022
2025|PER-15-PB-2025;R-03;2023|KEP-112-PB-2023
2025|PER-16-PB-2025;R-01;2007|PP-39-2007
2025|PER-16-PB-2025;R-01;2009|PMK-90-2009
2025|PER-16-PB-2025;R-01;2021|PMK-147-2021
2025|PER-16-PB-2025;R-01;2024|PMK-124-2024
2025|PER-16-PB-2025;R-01;2016|PER-19-PB-2016
2025|PER-16-PB-2025;R-01;2016|PER-45-PB-2016
2025|PER-16-PB-2025;R-01;2022|PER-10-PB-2022
2023|PER-12-PB-2023;R-04;2022|PER-10-PB-2022
2025|PER-16-PB-2025;R-04;2016|PER-45-PB-2016
2025|PER-17-PB-2025;R-01;2010|PMK-250-2010
2025|PER-17-PB-2025;R-01;2013|PMK-162-2013
2025|PER-17-PB-2025;R-01;2013|PMK-163-2013
2025|PER-17-PB-2025;R-01;2013|PMK-214-2013
2025|PER-17-PB-2025;R-01;2014|PMK-154-2014
2025|PER-17-PB-2025;R-01;2015|PMK-160-2015
2025|PER-17-PB-2025;R-01;2015|PMK-216-2015
2025|PER-17-PB-2025;R-01;2017|PMK-99-2017
2025|PER-17-PB-2025;R-01;2017|PMK-145-2017
2025|PER-17-PB-2025;R-01;2017|PMK-180-2017
2025|PER-17-PB-2025;R-01;2017|PMK-188-2017
2025|PER-17-PB-2025;R-01;2018|PMK-60-2018
2025|PER-17-PB-2025;R-01;2018|PMK-64-2018
2025|PER-17-PB-2025;R-01;2018|PMK-143-2018
2025|PER-17-PB-2025;R-01;2018|PMK-196-2018
2025|PER-17-PB-2025;R-01;2019|PMK-6-2019
2025|PER-17-PB-2025;R-01;2020|PMK-84-2020
2025|PER-17-PB-2025;R-01;2020|PMK-129-2020
2025|PER-17-PB-2025;R-01;2020|PMK-225-2020
2025|PER-17-PB-2025;R-01;2021|PMK-172-2021
2025|PER-17-PB-2025;R-01;2021|PMK-221-2021
2025|PER-17-PB-2025;R-01;2022|PMK-180-2022
2025|PER-17-PB-2025;R-01;2022|PMK-182-2022
2025|PER-17-PB-2025;R-01;2022|PMK-217-2022
2025|PER-17-PB-2025;R-01;2022|PMK-232-2022
2025|PER-17-PB-2025;R-01;2023|PMK-62-2023
2025|PER-17-PB-2025;R-01;2023|PMK-109-2023
2025|PER-17-PB-2025;R-01;2023|PMK-155-2023
2025|PER-17-PB-2025;R-01;2024|PMK-1-2024
2025|PER-17-PB-2025;R-01;2024|PMK-81-2024
2025|PER-17-PB-2025;R-01;2025|PMK-28-2025
2017|PMK-186-2017;R-04;2013|PMK-163-2013
2014|PMK-278-2014;R-04;2014|PMK-154-2014
2016|PMK-221-2016;R-04;2015|PMK-216-2015
2020|PMK-93-2020;R-04;2018|PMK-60-2018
2022|PMK-4-2022;R-04;2020|PMK-84-2020
2022|PMK-202-2022;R-04;2020|PMK-129-2020
2022|PMK-213-2022;R-04;2020|PMK-225-2020
2025|PER-18-PB-2025;R-01;2019|PP-63-2019
2025|PER-18-PB-2025;R-01;2020|PMK-53-2020
2025|PER-18-PB-2025;R-01;2020|PMK-102-2020
2025|PER-18-PB-2025;R-01;2022|PER-18-PB-2022
2025|PER-18-PB-2025;R-04;2022|PER-18-PB-2022
2025|PER-19-PB-2025;R-01;2014|PMK-154-2014
2025|PER-19-PB-2025;R-01;2021|PMK-171-2021
2025|PER-19-PB-2025;R-01;2024|PMK-110-2024
2025|PER-19-PB-2025;R-01;2024|PMK-124-2024
2025|PER-19-PB-2025;R-01;2021|KMK-269-2021
2021|KMK-269-2021;R-04;2021|KMK-269-2021
2025|PER-19-PB-2025;R-02;2014|PER-41-PB-2014
2025|PER-20-PB-2025;R-01;2005|PP-23-2005
2025|PER-20-PB-2025;R-01;2020|PMK-129-2020
2025|PER-20-PB-2025;R-01;2021|PMK-55-2021
2025|PER-20-PB-2025;R-01;2023|PER-14-PB-2023
2024|PER-19-PB-2024;R-04;2023|PER-14-PB-2023
2025|PER-19-PB-2025;R-04;2023|PER-14-PB-2023
2025|PER-21-PB-2025;R-01;2005|PP-23-2005
2025|PER-21-PB-2025;R-01;2020|PMK-129-2020
2025|PER-21-PB-2025;R-01;2024|PMK-3-2024
2025|PER-21-PB-2025;R-01;2024|PER-3-PB-2024
2025|PER-21-PB-2025;R-04;2024|PER-3-PB-2024
2025|PER-22-PB-2025;R-01;2010|PMK-250-2010
2025|PER-22-PB-2025;R-01;2014|PMK-266-2014
2025|PER-22-PB-2025;R-01;2015|PMK-82-2015
2025|PER-22-PB-2025;R-01;2016|PMK-170-2016
2025|PER-22-PB-2025;R-01;2016|PMK-240-2016
2025|PER-22-PB-2025;R-01;2019|PMK-156-2019
2025|PER-22-PB-2025;R-01;2023|PMK-62-2023
2025|PER-22-PB-2025;R-01;2023|PMK-155-2023
2025|PER-22-PB-2025;R-02;2015|PER-19-PB-2015
2024|PER-1-PB-2024;R-01;2022|PMK-162-2022
2024|PER-1-PB-2024;R-01;2022|PMK-163-2022
2019|PMK-151-2019;R-04;2022|PMK-162-2022
2019|PMK-150-2019;R-04;2022|PMK-163-2022
2024|PER-2-PB-2024;R-01;2004|UU-1-2004
2024|PER-2-PB-2024;R-01;2005|PP-23-2005
2024|PER-2-PB-2024;R-01;2020|PMK-129-2020
2024|PER-2-PB-2024;R-02;2018|PER-35-PB-2018
2024|PER-2-PB-2024;R-02;2022|PER-13-PB-2022
2024|PER-3-PB-2024;R-01;2005|PP-23-2005
2024|PER-3-PB-2024;R-01;2020|PMK-129-2020
2024|PER-3-PB-2024;R-01;2024|PMK-3-2024
2024|PER-5-PB-2024;R-01;2013|PP-45-2013
2024|PER-5-PB-2024;R-01;2013|PMK-105-2013
2024|PER-5-PB-2024;R-01;2013|PMK-163-2013
2024|PER-5-PB-2024;R-01;2014|PMK-154-2014
2024|PER-5-PB-2024;R-01;2015|PMK-160-2015
2024|PER-5-PB-2024;R-01;2018|PMK-143-2018
2024|PER-5-PB-2024;R-01;2021|PMK-118-2021
2024|PER-5-PB-2024;R-01;2021|PMK-171-2021
2024|PER-5-PB-2024;R-01;2022|PMK-181-2022
2024|PER-5-PB-2024;R-01;2023|PMK-62-2023
2019|PMK-173-2019;R-04;2013|PMK-105-2013
2021|PMK-118-2021;R-04;2021|PMK-118-2021
2023|PMK-158-2023;R-04;2021|PMK-171-2021
2024|PER-5-PB-2024;R-02;2022|PER-5-PB-2022
2024|PER-6-PB-2024;R-01;2005|PP-23-2005
2024|PER-6-PB-2024;R-01;2020|PMK-129-2020
2024|PER-6-PB-2024;R-01;2021|PMK-55-2021
2024|PER-6-PB-2024;R-01;2023|PER-14-PB-2023
2024|PER-6-PB-2024;R-04;2023|PER-14-PB-2023
2024|PER-7-PB-2024;R-01;2005|PP-23-2005
2024|PER-7-PB-2024;R-01;2020|PMK-129-2020
2024|PER-7-PB-2024;R-01;2024|PMK-5-2024
2024|PER-8-PB-2024;R-01;2018|PERPRES-16-2018
2024|PER-8-PB-2024;R-01;2023|PERPRES-17-2023
2024|PER-8-PB-2024;R-01;2013|PMK-162-2013
2024|PER-8-PB-2024;R-01;2018|PMK-196-2018
2024|PER-8-PB-2024;R-01;2021|PMK-171-2021
2024|PER-8-PB-2024;R-01;2022|PMK-58-2022
2024|PER-8-PB-2024;R-01;2023|PMK-62-2023
2024|PER-8-PB-2024;R-01;2023|PMK-117-2023
2021|PERPRES-12-2021;R-04;2018|PERPRES-16-2018
2024|PER-8-PB-2024;R-02;2024|PER-4-PB-2024
2024|PER-9-PB-2024;R-01;1999|UU-23-1999
2024|PER-9-PB-2024;R-01;2004|UU-1-2004
2024|PER-9-PB-2024;R-01;2007|PP-39-2007
2024|PER-9-PB-2024;R-01;2020|PMK-102-2020
2009|UU-6-2009;R-04;1999|UU-23-1999
2024|PER-9-PB-2024;R-02;2014|PER-40-PB-2014
2024|PER-10-PB-2024;R-01;2004|UU-1-2004
2024|PER-10-PB-2024;R-01;2014|PMK-275-2014
2024|PER-10-PB-2024;R-01;2016|PMK-262-2016
2024|PER-10-PB-2024;R-01;2021|PMK-118-2021
2024|PER-11-PB-2024;R-01;2004|UU-1-2004
2024|PER-11-PB-2024;R-01;2020|PERPRES-57-2020
2024|PER-11-PB-2024;R-01;2020|PMK-225-2020
2024|PER-11-PB-2024;R-01;2021|PMK-118-2021
2024|PER-11-PB-2024;R-01;2022|PER-16-PB-2022
2022|PMK-213-2022;R-04;2020|PMK-225-2020
2024|PER-12-PB-2024;R-01;2005|PP-23-2005
2024|PER-12-PB-2024;R-01;2020|PMK-129-2020
2024|PER-12-PB-2024;R-01;2024|PMK-54-2024
2024|PER-13-PB-2024;R-01;2010|PMK-250-2010
2024|PER-13-PB-2024;R-01;2013|PMK-162-2013
2024|PER-13-PB-2024;R-01;2013|PMK-163-2013
2024|PER-13-PB-2024;R-01;2013|PMK-214-2013
2024|PER-13-PB-2024;R-01;2014|PMK-154-2014
2024|PER-13-PB-2024;R-01;2015|PMK-160-2015
2024|PER-13-PB-2024;R-01;2015|PMK-187-2015
2024|PER-13-PB-2024;R-01;2015|PMK-216-2015
2024|PER-13-PB-2024;R-01;2017|PMK-99-2017
2024|PER-13-PB-2024;R-01;2017|PMK-145-2017
2024|PER-13-PB-2024;R-01;2017|PMK-180-2017
2024|PER-13-PB-2024;R-01;2017|PMK-188-2017
2024|PER-13-PB-2024;R-01;2018|PMK-60-2018
2024|PER-13-PB-2024;R-01;2018|PMK-64-2018
2024|PER-13-PB-2024;R-01;2018|PMK-143-2018
2024|PER-13-PB-2024;R-01;2018|PMK-196-2018
2024|PER-13-PB-2024;R-01;2019|PMK-6-2019
2024|PER-13-PB-2024;R-01;2019|PMK-120-2019
2024|PER-13-PB-2024;R-01;2020|PMK-84-2020
2024|PER-13-PB-2024;R-01;2020|PMK-129-2020
2024|PER-13-PB-2024;R-01;2020|PMK-225-2020
2024|PER-13-PB-2024;R-01;2021|PMK-172-2021
2024|PER-13-PB-2024;R-01;2021|PMK-221-2021
2024|PER-13-PB-2024;R-01;2022|PMK-181-2022
2024|PER-13-PB-2024;R-01;2022|PMK-182-2022
2024|PER-13-PB-2024;R-01;2022|PMK-217-2022
2024|PER-13-PB-2024;R-01;2022|PMK-232-2022
2024|PER-13-PB-2024;R-01;2023|PMK-62-2023
2024|PER-13-PB-2024;R-01;2023|PMK-109-2023
2024|PER-13-PB-2024;R-01;2023|PMK-155-2023
2014|PMK-278-2014;R-04;2014|PMK-154-2014
2024|PER-14-PB-2024;R-01;2005|PP-23-2005
2024|PER-14-PB-2024;R-01;2020|PMK-129-2020
2024|PER-14-PB-2024;R-01;2024|PMK-63-2024
2024|PER-15-PB-2024;R-01;2005|PP-23-2005
2024|PER-15-PB-2024;R-01;2020|PMK-129-2020
2024|PER-16-PB-2024;R-01;2005|PP-23-2005
2024|PER-16-PB-2024;R-01;2020|PMK-129-2020
2024|PER-16-PB-2024;R-01;2024|PMK-5-2024
2024|PER-16-PB-2024;R-04;2024|PER-7-PB-2024
2024|PER-17-PB-2024;R-01;2018|PERPRES-16-2018
2024|PER-17-PB-2024;R-01;2023|PERPRES-17-2023
2024|PER-17-PB-2024;R-01;2013|PMK-162-2013
2024|PER-17-PB-2024;R-01;2018|PMK-196-2018
2024|PER-17-PB-2024;R-01;2021|PMK-171-2021
2024|PER-17-PB-2024;R-01;2022|PMK-58-2022
2024|PER-17-PB-2024;R-01;2023|PMK-62-2023
2024|PER-17-PB-2024;R-01;2023|PMK-117-2023
2024|PER-17-PB-2024;R-02;2024|PER-8-PB-2024
2024|PER-18-PB-2024;R-01;2023|UU-19-2023
2024|PER-18-PB-2024;R-01;2013|PMK-163-2013
2024|PER-18-PB-2024;R-01;2014|PMK-154-2014
2024|PER-18-PB-2024;R-01;2017|PMK-188-2017
2024|PER-18-PB-2024;R-01;2020|PMK-102-2020
2024|PER-18-PB-2024;R-01;2022|PMK-217-2022
2024|PER-18-PB-2024;R-01;2024|PER-13-PB-2024
2024|PER-19-PB-2024;R-01;2005|PP-23-2005
2024|PER-19-PB-2024;R-01;2020|PMK-129-2020
2024|PER-19-PB-2024;R-01;2021|PMK-55-2021
2024|PER-19-PB-2024;R-01;2023|PER-14-PB-2023
2024|PER-20-PB-2024;R-01;2010|PMK-250-2010
2024|PER-20-PB-2024;R-01;2020|PMK-225-2020
2024|PER-20-PB-2024;R-01;2021|PMK-118-2021
2024|PER-20-PB-2024;R-02;2019|PER-9-PB-2019
2023|PER-1-PB-2023;R-01;2016|PMK-262-2016
2023|PER-1-PB-2023;R-01;2021|PMK-118-2021
2023|PER-1-PB-2023;R-01;2019|PER-24-PB-2019
2022|PMK-141-2022;R-04;2021|PMK-118-2021
2023|PER-1-PB-2023;R-04;2019|PER-24-PB-2019
2023|PER-2-PB-2023;R-01;2021|PMK-110-2021
2023|PER-2-PB-2023;R-04;2021|PER-8-PB-2021
2023|PER-3-PB-2023;R-01;2005|PP-23-2005
2023|PER-3-PB-2023;R-01;2020|PMK-129-2020
2023|PER-3-PB-2023;R-01;2023|PMK-31-2023
2023|PER-4-PB-2023;R-01;2010|PMK-03-2010
2023|PER-4-PB-2023;R-01;2020|PMK-102-2020
2023|PER-4-PB-2023;R-01;2021|PMK-147-2021
2016|PMK-115-2016;R-04;2010|PMK-03-2010
2023|PER-4-PB-2023;R-04;2022|PER-10-PB-2022
2023|PER-6-PB-2023;R-01;2007|PP-39-2007
2023|PER-6-PB-2023;R-01;2013|PMK-162-2013
2023|PER-6-PB-2023;R-01;2022|PMK-210-2022
2023|PER-6-PB-2023;R-01;2022|PER-1-PB-2022
2023|PER-7-PB-2023;R-01;2009|PMK-125-2009
2023|PER-7-PB-2023;R-01;2016|PMK-72-2016
2023|PER-7-PB-2023;R-01;2017|PMK-197-2017
2023|PER-7-PB-2023;R-01;2022|PMK-182-2022
2023|PER-7-PB-2023;R-01;2023|PMK-20-2023
2023|PER-7-PB-2023;R-02;2022|PER-20-PB-2022
2023|PER-8-PB-2023;R-01;2021|PMK-118-2021
2023|PER-8-PB-2023;R-01;2022|PMK-217-2022
2023|PER-8-PB-2023;R-01;2022|PMK-232-2022
2023|PER-9-PB-2023;R-01;2005|PP-23-2005
2023|PER-9-PB-2023;R-01;2013|PP-45-2013
2023|PER-9-PB-2023;R-01;2023|PP-6-2023
2023|PER-9-PB-2023;R-01;2017|PMK-99-2017
2023|PER-9-PB-2023;R-01;2017|PMK-197-2017
2023|PER-9-PB-2023;R-01;2019|PMK-195-2019
2023|PER-9-PB-2023;R-01;2020|PMK-129-2020
2023|PER-9-PB-2023;R-01;2021|PMK-171-2021
2023|PER-9-PB-2023;R-01;2023|PMK-62-2023
2023|PER-9-PB-2023;R-02;2022|PER-1-PB-2022
2023|PER-10-PB-2023;R-01;2010|PMK-250-2010
2023|PER-10-PB-2023;R-01;2013|PMK-162-2013
2023|PER-10-PB-2023;R-01;2013|PMK-163-2013
2023|PER-10-PB-2023;R-01;2013|PMK-214-2013
2023|PER-10-PB-2023;R-01;2014|PMK-154-2014
2023|PER-10-PB-2023;R-01;2014|PMK-194-2014
2023|PER-10-PB-2023;R-01;2015|PMK-160-2015
2023|PER-10-PB-2023;R-01;2015|PMK-187-2015
2023|PER-10-PB-2023;R-01;2015|PMK-216-2015
2023|PER-10-PB-2023;R-01;2017|PMK-99-2017
2023|PER-10-PB-2023;R-01;2017|PMK-145-2017
2023|PER-10-PB-2023;R-01;2017|PMK-180-2017
2023|PER-10-PB-2023;R-01;2017|PMK-188-2017
2023|PER-10-PB-2023;R-01;2017|PMK-197-2017
2023|PER-10-PB-2023;R-01;2018|PMK-60-2018
2023|PER-10-PB-2023;R-01;2018|PMK-64-2018
2023|PER-10-PB-2023;R-01;2018|PMK-143-2018
2023|PER-10-PB-2023;R-01;2018|PMK-196-2018
2023|PER-10-PB-2023;R-01;2019|PMK-6-2019
2023|PER-10-PB-2023;R-01;2019|PMK-120-2019
2023|PER-10-PB-2023;R-01;2020|PMK-43-2020
2023|PER-10-PB-2023;R-01;2020|PMK-84-2020
2023|PER-10-PB-2023;R-01;2020|PMK-129-2020
2023|PER-10-PB-2023;R-01;2020|PMK-225-2020
2023|PER-10-PB-2023;R-01;2021|PMK-172-2021
2023|PER-10-PB-2023;R-01;2021|PMK-221-2021
2023|PER-10-PB-2023;R-01;2022|PMK-181-2022
2023|PER-10-PB-2023;R-01;2022|PMK-217-2022
2023|PER-10-PB-2023;R-01;2022|PMK-232-2022
2023|PER-10-PB-2023;R-01;2023|PMK-62-2023
2015|PMK-243-2015;R-04;2014|PMK-194-2014
2021|PMK-114-2021;R-04;2020|PMK-43-2020
2023|PER-12-PB-2023;R-01;2010|PMK-03-2010
2023|PER-12-PB-2023;R-01;2020|PMK-102-2020
2023|PER-12-PB-2023;R-01;2021|PMK-147-2021
2023|PER-12-PB-2023;R-01;2019|PER-19-PB-2019
2023|PER-12-PB-2023;R-01;2022|PER-10-PB-2022
2023|PER-12-PB-2023;R-01;2023|PER-4-PB-2023
2023|PER-13-PB-2023;R-01;2005|PP-23-2005
2023|PER-13-PB-2023;R-01;2020|PMK-129-2020
2023|PER-13-PB-2023;R-01;2023|PMK-139-2023
2023|PER-14-PB-2023;R-01;2005|PP-23-2005
2023|PER-14-PB-2023;R-01;2020|PMK-129-2020
2023|PER-14-PB-2023;R-01;2021|PMK-55-2021
2023|PER-14-PB-2023;R-02;2021|PER-5-PB-2021
2022|PER-1-PB-2022;R-01;2005|PP-23-2005
2022|PER-1-PB-2022;R-01;2010|PP-90-2010
2022|PER-1-PB-2022;R-01;2013|PP-45-2013
2022|PER-1-PB-2022;R-01;2017|PMK-99-2017
2022|PER-1-PB-2022;R-01;2017|PMK-197-2017
2022|PER-1-PB-2022;R-01;2019|PMK-195-2019
2022|PER-1-PB-2022;R-01;2020|PMK-129-2020
2022|PER-1-PB-2022;R-01;2021|PMK-171-2021
2022|PER-1-PB-2022;R-01;2021|PMK-199-2021
2022|PER-1-PB-2022;R-02;2021|PER-2-PB-2021
2022|PER-2-PB-2022;R-01;2005|PP-23-2005
2022|PER-2-PB-2022;R-01;2020|PMK-129-2020
2022|PER-2-PB-2022;R-02;2012|PER-12-PB-2012
2022|PER-3-PB-2022;R-01;2019|PP-63-2019
2022|PER-3-PB-2022;R-01;2019|PMK-63-2019
2022|PER-3-PB-2022;R-01;2020|PMK-102-2020
2022|PER-4-PB-2022;R-01;2016|PMK-262-2016
2022|PER-4-PB-2022;R-01;2019|PMK-150-2019
2022|PER-4-PB-2022;R-01;2019|PMK-151-2019
2022|PER-4-PB-2022;R-01;2021|PMK-118-2021
2022|PER-5-PB-2022;R-01;2013|PP-45-2013
2022|PER-5-PB-2022;R-01;2012|PMK-190-2012
2022|PER-5-PB-2022;R-01;2013|PMK-105-2013
2022|PER-5-PB-2022;R-01;2013|PMK-163-2013
2022|PER-5-PB-2022;R-01;2014|PMK-154-2014
2022|PER-5-PB-2022;R-01;2015|PMK-160-2015
2022|PER-5-PB-2022;R-01;2018|PMK-143-2018
2022|PER-5-PB-2022;R-01;2018|PMK-195-2018
2022|PER-5-PB-2022;R-01;2021|PMK-2-2021
2022|PER-5-PB-2022;R-01;2021|PMK-118-2021
2022|PER-5-PB-2022;R-01;2021|PMK-171-2021
2022|PER-5-PB-2022;R-01;2021|PMK-199-2021
2022|PER-5-PB-2022;R-02;2021|PER-4-PB-2021
2018|PMK-178-2018;R-04;2012|PMK-190-2012
2022|PER-6-PB-2022;R-01;2016|PMK-262-2016
2022|PER-6-PB-2022;R-01;2020|PMK-193-2020
2022|PER-6-PB-2022;R-01;2021|PMK-118-2021
2022|PER-6-PB-2022;R-02;2018|PER-25-PB-2018
2022|PER-7-PB-2022;R-01;2012|PMK-190-2012
2022|PER-7-PB-2022;R-01;2013|PMK-162-2013
2022|PER-7-PB-2022;R-01;2018|PMK-196-2018
2022|PER-7-PB-2022;R-01;2019|PMK-183-2019
2022|PER-7-PB-2022;R-01;2019|PMK-231-2019
#N/A;R-04;2018|PMK-196-2018
2019|PMK-231-2019;R-04;2019|PMK-231-2019
2022|PER-7-PB-2022;R-02;2019|PER-20-PB-2019
2022|PER-8-PB-2022;R-01;2010|PMK-250-2010
2022|PER-8-PB-2022;R-01;2012|PMK-190-2012
2022|PER-8-PB-2022;R-01;2013|PMK-162-2013
2022|PER-8-PB-2022;R-01;2013|PMK-163-2013
2022|PER-8-PB-2022;R-01;2013|PMK-213-2013
2022|PER-8-PB-2022;R-01;2013|PMK-214-2013
2022|PER-8-PB-2022;R-01;2014|PMK-154-2014
2022|PER-8-PB-2022;R-01;2014|PMK-194-2014
2022|PER-8-PB-2022;R-01;2015|PMK-160-2015
2022|PER-8-PB-2022;R-01;2015|PMK-177 -2015
2022|PER-8-PB-2022;R-01;2015|PMK-187 -2015
2022|PER-8-PB-2022;R-01;2015|PMK-216-2015
2022|PER-8-PB-2022;R-01;2017|PMK-99-2017
2022|PER-8-PB-2022;R-01;2017|PMK- 145-2017
2022|PER-8-PB-2022;R-01;2017|PMK-180-2017
2022|PER-8-PB-2022;R-01;2017|PMK-188-2017
2022|PER-8-PB-2022;R-01;2017|PMK-197-2017
2022|PER-8-PB-2022;R-01;2018|PMK-60-2018
2022|PER-8-PB-2022;R-01;2018|PMK-64-2018
2022|PER-8-PB-2022;R-01;2018|PMK-143-2018
2022|PER-8-PB-2022;R-01;2018|PMK-196-2018
2022|PER-8-PB-2022;R-01;2019|PMK-6-2019
2022|PER-8-PB-2022;R-01;2019|PMK- 120-2019
2022|PER-8-PB-2022;R-01;2020|PMK-43-2020
2022|PER-8-PB-2022;R-01;2020|PMK-84-2020
2022|PER-8-PB-2022;R-01;2020|PMK-129-2020
2022|PER-8-PB-2022;R-01;2020|PMK-225-2020
2022|PER-8-PB-2022;R-01;2021|PMK-17-2021
2022|PER-8-PB-2022;R-01;2021|PMK-221-2021
2016|PMK-230-2016;R-04;2013|PMK-162-2013
2016|PMK-215-2016;R-04;2013|PMK-213-2013
2016|PMK-222-2016;R-04;2015|PMK-177 -2015
2016|PMK-221-2016;R-04;2015|PMK-216-2015
2022|PMK-118-2022;R-04;2021|PMK-17-2021
2022|PER-9-PB-2022;R-01;2017|PMK-99-2017
2022|PER-9-PB-2022;R-01;2021|PMK-201-2021
2022|PER-10-PB-2022;R-01;2010|PMK-03-2010
2022|PER-10-PB-2022;R-01;2020|PMK-102-2020
2022|PER-10-PB-2022;R-01;2021|PMK-147-2021
2022|PER-10-PB-2022;R-02;2014|PER-22-PB-2014
2022|PER-11-PB-2022;R-01;2003|UU-17-2003
2022|PER-11-PB-2022;R-01;2004|UU-1-2004
2022|PER-11-PB-2022;R-01;2005|PP-23-2005
2022|PER-11-PB-2022;R-01;2010|PP-71-2010
2022|PER-11-PB-2022;R-01;2012|PMK-190-2012
2022|PER-11-PB-2022;R-01;2020|PMK-129-2020
2022|PER-11-PB-2022;R-01;2021|PMK-118-2021
2022|PER-11-PB-2022;R-02;2008|PER-58-PB-2008
2022|PER-12-PB-2022;R-01;2013|PP-45-2013
2022|PER-12-PB-2022;R-01;2012|PMK-190-2012
2022|PER-12-PB-2022;R-01;2018|PMK-196-2018
2022|PER-13-PB-2022;R-01;2004|UU-1-2004
2022|PER-13-PB-2022;R-01;2005|PP-23-2005
2022|PER-13-PB-2022;R-01;2020|PMK-129-2020
2022|PER-14-PB-2022;R-01;2015|PMK-82-2015
2022|PER-14-PB-2022;R-01;2015|PER-19-PB-2015
2018|PER-44-PB-2018;R-04;2015|PER-19-PB-2015
2022|PER-14-PB-2022;R-04;2015|PER-19-PB-2015
2022|PER-15-PB-2022;R-01;2016|PMK-262-2016
2022|PER-15-PB-2022;R-01;2019|PMK-150-2019
2022|PER-15-PB-2022;R-01;2019|PMK-151-2019
2022|PER-15-PB-2022;R-01;2021|PMK-118-2021
2022|PER-15-PB-2022;R-01;2022|PER-4-PB-2022
2022|PMK-163-2022;R-04;2019|PMK-150-2019
2022|PMK-162-2022;R-04;2019|PMK-151-2019
2022|PER-15-PB-2022;R-04;2022|PER-4-PB-2022
2022|PER-16-PB-2022;R-01;2020|PMK-225-2020
2022|PER-16-PB-2022;R-01;2021|PMK-118-2021
2022|PER-16-PB-2022;R-02;2019|PER-10-PB-2019
2022|PER-17-PB-2022;R-01;2007|PP-39-2007
2022|PER-17-PB-2022;R-01;2012|PMK-190-2012
2022|PER-17-PB-2022;R-01;2013|PMK-162-2013
2022|PER-17-PB-2022;R-01;2017|PMK-182-2017
2022|PER-18-PB-2022;R-01;2019|PP-63-2019
2022|PER-18-PB-2022;R-01;2020|PMK-53-2020
2022|PER-18-PB-2022;R-01;2020|PMK-102-2020
2022|PER-18-PB-2022;R-02;2022|PER-3-PB-2022
2022|PER-19-PB-2022;R-01;2010|PMK-03-2010
2022|PER-19-PB-2022;R-01;2014|PMK-3-2014
2022|PER-19-PB-2022;R-02;2017|PER-7-PB-2017
2022|PER-20-PB-2022;R-01;2022|PMK-182-2022
2022|PER-20-PB-2022;R-02;2020|PER-25-PB-2020
2022|PER-21-PB-2022;R-01;2003|UU-17-2003
2022|PER-21-PB-2022;R-01;2004|UU-1-2004
2022|PER-21-PB-2022;R-01;2004|UU-15-2004
2022|PER-21-PB-2022;R-01;2009|UU-11-2009
2022|PER-21-PB-2022;R-01;2017|PERPRES-63-2017
2022|PER-21-PB-2022;R-01;2012|PMK-190-2012
2022|PER-21-PB-2022;R-01;2015|PMK-254-2015
2016|PMK-228-2016;R-04;2015|PMK-254-2015
2021|PER-1-PB-2021;R-01;2017|PMK-97-2017
2021|PER-1-PB-2021;R-01;2018|PMK-217-2018
2021|PER-1-PB-2021;R-01;2010|KMK-350-2010
2021|PER-1-PB-2021;R-01;2018|KMK-552-2018
2021|PER-1-PB-2021;R-01;2019|KMK-577-2019
2021|PER-1-PB-2021;R-01;2019|KMK-878-2019
2021|PER-1-PB-2021;R-01;2019|KMK-942-2019
2019|PMK-229-2019;R-04;2018|PMK-217-2018
2014|KMK-38-2014;R-04;2010|KMK-350-2010
2021|PER-1-PB-2021;R-02;2019|PER-17-PB-2019
2021|PER-2-PB-2021;R-01;2005|PP-23-2005
2021|PER-2-PB-2021;R-01;2017|PMK-99-2017
2021|PER-2-PB-2021;R-01;2017|PMK-197-2017
2021|PER-2-PB-2021;R-01;2018|PMK-159-2018
2021|PER-2-PB-2021;R-01;2019|PMK-195-2019
2021|PER-2-PB-2021;R-01;2020|PMK-129-2020
2021|PER-2-PB-2021;R-01;2020|PMK-208-2020
2019|PMK-203-2019;R-04;2018|PMK-159-2018
2021|PER-2-PB-2021;R-02;2020|PER-10-PB-2020
2021|PER-3-PB-2021;R-01;2013|PP-45-2013
2021|PER-3-PB-2021;R-01;2017|PMK-197-2017
2021|PER-3-PB-2021;R-01;2018|PMK-83-2018
2021|PER-3-PB-2021;R-01;2020|PMK-222-2020
2021|PER-3-PB-2021;R-01;2013|PER-58-PB-2013
2021|PER-3-PB-2021;R-01;2018|PER-9-PB-2018
2021|PER-3-PB-2021;R-02;2020|PER-1-PB-2020
2021|PER-4-PB-2021;R-01;2012|PMK-190-2012
2021|PER-4-PB-2021;R-01;2013|PMK-105-2013
2021|PER-4-PB-2021;R-01;2013|PMK-162-2013
2021|PER-4-PB-2021;R-01;2013|PMK-163-2013
2021|PER-4-PB-2021;R-01;2014|PMK-154-2014
2021|PER-4-PB-2021;R-01;2015|PMK-160-2015
2021|PER-4-PB-2021;R-01;2017|PMK-197-2017
2021|PER-4-PB-2021;R-01;2018|PMK-143-2018
2021|PER-4-PB-2021;R-01;2018|PMK-195-2018
2021|PER-4-PB-2021;R-01;2018|PMK-217-2018
2021|PER-4-PB-2021;R-01;2021|PMK-2-2021
2021|PER-5-PB-2021;R-01;2005|PP-23-2005
2021|PER-5-PB-2021;R-01;2020|PMK-129-2020
2021|PER-5-PB-2021;R-01;2021|PMK- 55-2021
2021|PER-6-PB-2021;R-01;2020|PMK-104-2020
2021|PER-6-PB-2021;R-01;2020|PER-14-PB-2020
2021|PER-6-PB-2021;R-04;2020|PER-14-PB-2020
2021|PER-7-PB-2021;R-01;2013|PP-45-2013
2021|PER-7-PB-2021;R-01;2018|PERPRES-82-2018
2021|PER-7-PB-2021;R-01;2012|PMK-190-2012
2021|PER-7-PB-2021;R-01;2019|PMK-156-2019
2020|PERPRES-64-2020;R-04;2018|PERPRES-82-2018
2020|PMK-212-2020;R-04;2019|PMK-156-2019
2021|PER-8-PB-2021;R-01;2021|PMK-110-2021
2021|PER-9-PB-2021;R-01;2010|PMK-250-2010
2021|PER-9-PB-2021;R-01;2012|PMK-190-2012
2021|PER-9-PB-2021;R-01;2013|PMK-162-2013
2021|PER-9-PB-2021;R-01;2013|PMK-163-2013
2021|PER-9-PB-2021;R-01;2013|PMK-213-2013
2021|PER-9-PB-2021;R-01;2013|PMK-214-2013
2021|PER-9-PB-2021;R-01;2014|PMK-154-2014
2021|PER-9-PB-2021;R-01;2014|PMK-194-2014
2021|PER-9-PB-2021;R-01;2015|PMK-160-2015
2021|PER-9-PB-2021;R-01;2015|PMK-177-2015
2021|PER-9-PB-2021;R-01;2015|PMK-187-2015
2021|PER-9-PB-2021;R-01;2015|PMK-216-2015
2021|PER-9-PB-2021;R-01;2017|PMK-99-2017
2021|PER-9-PB-2021;R-01;2017|PMK-145-2017
2021|PER-9-PB-2021;R-01;2017|PMK-180-2017
2021|PER-9-PB-2021;R-01;2017|PMK-188-2017
2021|PER-9-PB-2021;R-01;2017|PMK-197-2017
2021|PER-9-PB-2021;R-01;2018|PMK-60-2018
2021|PER-9-PB-2021;R-01;2018|PMK-64-2018
2021|PER-9-PB-2021;R-01;2018|PMK-143-2018
2021|PER-9-PB-2021;R-01;2018|PMK-196-2018
2021|PER-9-PB-2021;R-01;2019|PMK-6-2019
2021|PER-9-PB-2021;R-01;2019|PMK-120-2019
2021|PER-9-PB-2021;R-01;2020|PMK-43-2020
2021|PER-9-PB-2021;R-01;2020|PMK-78-2020
2021|PER-9-PB-2021;R-01;2020|PMK-129-2020
2021|PER-9-PB-2021;R-01;2020|PMK-138-2020
2021|PER-9-PB-2021;R-01;2020|PMK-225-2020
2021|PER-9-PB-2021;R-01;2021|PMK-17-2021
2016|PMK-230-2016;R-04;2013|PMK-162-2013
2016|PMK-215-2016;R-04;2013|PMK-213-2013
2015|PMK-43-2015;R-04;2014|PMK-194-2014
2016|PMK-222-2016;R-04;2015|PMK-177-2015
2019|PMK-62-2019;R-04;2017|PMK-188-2017
2021|PMK-50-2021;R-04;2020|PMK-138-2020
2021|PMK-94-2021;R-04;2021|PMK-17-2021
2021|PER-10-PB-2021;R-01;2007|PP-39-2007
2021|PER-10-PB-2021;R-01;2012|PMK-190-2012
2021|PER-10-PB-2021;R-01;2013|PMK-162-2013
2021|PER-10-PB-2021;R-01;2017|PMK-182-2017
2021|PER-11-PB-2021;R-01;2005|PP-23-2005
2021|PER-11-PB-2021;R-01;2020|PMK-129-2020
2021|PER-11-PB-2021;R-02;2014|PER-32-PB-2014
2021|PER-11-PB-2021;R-02;2014|PER-33-PB-2014
2021|PER-11-PB-2021;R-02;2016|PER-36-PB-2016
2021|PER-12-PB-2021;R-01;2012|PMK-190-2012
2021|PER-12-PB-2021;R-01;2013|PMK-163-2013
2021|PER-12-PB-2021;R-01;2017|PMK-145-2017
2021|PER-13-PB-2021;R-01;2013|PP-45-2013
2021|PER-13-PB-2021;R-01;2010|PMK-250-2010
2021|PER-13-PB-2021;R-01;2021|PMK-39-2021
2021|PER-13-PB-2021;R-02;2017|PER-13-PB-2017
2021|PER-14-PB-2021;R-01;2016|PMK-262-2016
2021|PER-14-PB-2021;R-01;2019|PMK-150-2019
2021|PER-14-PB-2021;R-01;2019|PMK-151-2019
2021|PER-14-PB-2021;R-01;2021|PMK-118-2021
2021|PER-14-PB-2021;R-02;2020|PER-26-PB-2020
2021|PER-15-PB-2021;R-01;2019|PMK-148-2019
2021|PER-15-PB-2021;R-01;2019|PMK-149-2019
2021|PER-15-PB-2021;R-01;2020|PER-18-PB-2020
2021|PER-16-PB-2021;R-01;2017|PMK-97-2017
2021|PER-16-PB-2021;R-01;2021|PMK-118-2021
2021|PER-16-PB-2021;R-01;2009|KMK-260-2009
2021|PER-16-PB-2021;R-01;2010|KMK-274-2010
2021|PER-16-PB-2021;R-01;2010|KMK-350-2010
2021|PER-16-PB-2021;R-01;2011|KMK-330-2011
2021|PER-16-PB-2021;R-01;2011|KMK-414-2011
2021|PER-16-PB-2021;R-01;2017|KMK-695-2017
2021|PER-16-PB-2021;R-01;2018|KMK-452-2018
2021|PER-16-PB-2021;R-01;2019|KMK-798-2019
2021|PER-16-PB-2021;R-01;2019|KMK-42-2019
2021|PER-16-PB-2021;R-01;2019|KMK-971-2019
2021|PER-16-PB-2021;R-01;2019|KMK-972-2019
2021|PER-16-PB-2021;R-01;2021|KMK-241-2021
2021|PER-16-PB-2021;R-01;2021|KMK-269-2021
2021|PER-17-PB-2021;R-01;2016|PMK-262-2016
2021|PER-17-PB-2021;R-01;2020|PMK-225-2020
2021|PER-17-PB-2021;R-01;2021|PMK-118-2021
2020|PER-1-PB-2020;R-01;2013|PP-45-2013
2020|PER-1-PB-2020;R-01;2017|PMK-97-2017
2020|PER-1-PB-2020;R-01;2018|PMK-3-2018
2020|PER-1-PB-2020;R-01;2019|PMK-205-2019
2020|PER-1-PB-2020;R-01;2013|PER-58-PB-2013
2020|PER-1-PB-2020;R-01;2018|PER-9-PB-2018
2020|PER-1-PB-2020;R-02;2017|PER-4-PB-2017
2020|PER-2-PB-2020;R-01;2005|PP-23-2005
2020|PER-2-PB-2020;R-01;2011|PMK-92-2011
2020|PER-2-PB-2020;R-01;2017|PMK-99-2017
2020|PER-2-PB-2020;R-01;2017|PMK-197-2017
2020|PER-2-PB-2020;R-01;2017|PMK-195-2017
2020|PER-2-PB-2020;R-01;2019|PMK-208-2019
2020|PER-2-PB-2020;R-01;2019|PMK-210-2019
2020|PER-2-PB-2020;R-02;2019|PER-4-PB-2019
2020|PER-3-PB-2020;R-01;2013|PP-45-2013
2020|PER-3-PB-2020;R-01;2015|PMK-60-2015
2020|PER-3-PB-2020;R-01;2015|PMK-64-2015
2020|PER-3-PB-2020;R-01;2018|PMK-116-2018
2020|PER-3-PB-2020;R-01;2019|PMK-183-2019
2019|PMK-81-2019;R-04;2015|PMK-64-2015
2018|PMK-178-2018;R-04;2012|PMK-190-2012
2020|PER-4-PB-2020;R-01;2012|PMK-190-2012
2020|PER-4-PB-2020;R-01;2018|PMK-195-2018
2020|PER-4-PB-2020;R-01;2018|PMK-217-2018
2019|PMK-87-2019;R-04;2018|PMK-217-2018
2020|PER-5-PB-2020;R-01;2013|PP-45-2013
2020|PER-5-PB-2020;R-01;2018|PMK-50-2018
2020|PER-6-PB-2020;R-01;1995|PP-42-1995
2020|PER-6-PB-2020;R-01;2011|PP-10-2011
2020|PER-6-PB-2020;R-01;2013|PP-45-2013
2020|PER-6-PB-2020;R-01;2012|PMK-190-2012
2020|PER-6-PB-2020;R-01;2014|PMK-154-2014
2020|PER-6-PB-2020;R-01;2019|PMK-195-2019
2001|PP-25-2001;R-04;1995|PP-42-1995
2020|PER-7-PB-2020;R-01;2013|PP-45-2013
2020|PER-7-PB-2020;R-01;2017|PMK-197-2017
2020|PER-7-PB-2020;R-01;2018|PMK-83-2018
2020|PER-7-PB-2020;R-01;2019|PMK-130-2019
2020|PER-7-PB-2020;R-01;2013|PER-58- PB-2013
2020|PER-7-PB-2020;R-02;2017|PER-4-PB-2017
2020|PER-8-PB-2020;R-01;2004|UU-1-2004
2020|PER-8-PB-2020;R-01;2017|PMK-97-2017
2020|PER-8-PB-2020;R-01;2018|PMK-217-2018
2020|PER-8-PB-2020;R-01;2019|KMK-751-2019
#N/A;R-04;2018|PMK-217-2018
2020|PER-8-PB-2020;R-02;2016|KEP-428-PB-2016
2020|PER-8-PB-2020;R-02;2017|KEP-272-PB-2017
2020|PER-9-PB-2020;R-01;2003|UU-17-2003
2020|PER-9-PB-2020;R-01;2004|UU-1-2004
2020|PER-9-PB-2020;R-01;2007|PP-39-2007
2020|PER-9-PB-2020;R-01;2007|PMK-18-2007
2020|PER-9-PB-2020;R-01;2014|PMK-54-2014
2020|PER-10-PB-2020;R-01;2005|PP-23-2005
2020|PER-10-PB-2020;R-01;2011|PMK-92-2011
2020|PER-10-PB-2020;R-01;2017|PMK-99-2017
2020|PER-10-PB-2020;R-01;2017|PMK-197-2017
2020|PER-10-PB-2020;R-01;2018|PMK-159-2018
2020|PER-10-PB-2020;R-01;2017|PMK-195-2017
2020|PER-10-PB-2020;R-01;2019|PMK-208-2019
2020|PER-10-PB-2020;R-01;2020|PMK-39-2020
2020|PER-10-PB-2020;R-02;2020|PER-2-PB-2020
2020|PER-11-PB-2020;R-01;2020|UU-2-2020
2020|PER-11-PB-2020;R-01;2005|PP-23-2005
2020|PER-11-PB-2020;R-01;2020|PMK-38-2020
2020|PER-12-PB-2020;R-01;2020|PMK-70-2020
2020|PER-13-PB-2020;R-01;2014|PER-33-PB-2014
2019|PER-11-PB-2019;R-04;2014|PER-33-PB-2014
2020|PER-13-PB-2020;R-03;2014|PER-33-PB-2014
2020|PER-14-PB-2020;R-01;2020|PMK-104-2020
2020|PER-14-PB-2020;R-02;2020|PER-12-PB-2020
2020|PER-15-PB-2020;R-01;2013|PP-45-2013
2020|PER-15-PB-2020;R-01;2018|PERPRES-82-2018
2020|PER-15-PB-2020;R-01;2012|PMK-190-2012
2020|PER-15-PB-2020;R-01;2019|PMK-156-2019
2020|PER-15-PB-2020;R-01;2016|PER-31-PB-2016
2020|PER-15-PB-2020;R-04;2016|PER-31-PB-2016
2020|PER-16-PB-2020;R-01;2012|PMK-190-2012
2020|PER-16-PB-2020;R-01;2018|PMK-159-2018
2020|PER-17-PB-2020;R-01;2014|UU-5-2014
2020|PER-17-PB-2020;R-01;2017|PP-11-2017
2020|PER-17-PB-2020;R-01;2019|PP-30-2019
2020|PER-17-PB-2020;R-01;2012|PMK-113-2012
2020|PER-17-PB-2020;R-01;2016|PMK-175-2016
2020|PP-17-2020;R-04;2017|PP-11-2017
2020|PER-18-PB-2020;R-01;2016|PMK-262-2016
2020|PER-18-PB-2020;R-01;2018|PMK-217-2018
2020|PER-18-PB-2020;R-01;2019|PMK-148-2019
2020|PER-18-PB-2020;R-01;2019|PMK-149-2019
2020|PER-19-PB-2020;R-01;2010|PMK-150-2010
2020|PER-19-PB-2020;R-01;2012|PMK-190-2012
2020|PER-20-PB-2020;R-01;2010|PMK-250-2010
2020|PER-20-PB-2020;R-01;2012|PMK-190-2012
2020|PER-20-PB-2020;R-01;2013|PMK-162-2013
2020|PER-20-PB-2020;R-01;2013|PMK-163-2013
2020|PER-20-PB-2020;R-01;2013|PMK-213-2013
2020|PER-20-PB-2020;R-01;2013|PMK-214-2013
2020|PER-20-PB-2020;R-01;2014|PMK-32-2014
2020|PER-20-PB-2020;R-01;2014|PMK-154-2014
2020|PER-20-PB-2020;R-01;2014|PMK-194-2014
2020|PER-20-PB-2020;R-01;2015|PMK-160-2015
2020|PER-20-PB-2020;R-01;2015|PMK-177-2015
2020|PER-20-PB-2020;R-01;2015|PMK-187-2015
2020|PER-20-PB-2020;R-01;2015|PMK-216-2015
2020|PER-20-PB-2020;R-01;2017|PMK-99-2017
2020|PER-20-PB-2020;R-01;2017|PMK-145-2017
2020|PER-20-PB-2020;R-01;2017|PMK-180-2017
2020|PER-20-PB-2020;R-01;2017|PMK-188-2017
2020|PER-20-PB-2020;R-01;2017|PMK-197-2017
2020|PER-20-PB-2020;R-01;2018|PMK-60-2018
2020|PER-20-PB-2020;R-01;2018|PMK-64-2018
2020|PER-20-PB-2020;R-01;2018|PMK-143-2018
2020|PER-20-PB-2020;R-01;2018|PMK-196-2018
2020|PER-20-PB-2020;R-01;2019|PMK-6-2019
2020|PER-20-PB-2020;R-01;2019|PMK-120-2019
2020|PER-20-PB-2020;R-01;2020|PMK-43-2020
2020|PER-20-PB-2020;R-01;2020|PMK-78-2020
2020|PER-20-PB-2020;R-01;2020|PMK-101-2020
2020|PER-20-PB-2020;R-01;2020|PMK-129-2020
2020|PER-20-PB-2020;R-01;2020|PMK-138-2020
2020|PER-21-PB-2020;R-01;2012|PMK-190-2012
2020|PER-21-PB-2020;R-01;2013|PER-17-PB-2013
2019|PER-2-PB-2019;R-04;2013|PER-17-PB-2013
2020|PER-22-PB-2020;R-01;2016|PER-36-PB-2016
2020|PER-22-PB-2020;R-04;2016|PER-36-PB-2016
2020|PER-23-PB-2020;R-01;2010|PP-71-2010
2020|PER-23-PB-2020;R-01;2011|PMK-238-2011
2020|PER-23-PB-2020;R-01;2014|PMK-275-2014
2020|PER-23-PB-2020;R-01;2018|PMK-189-2018
2020|PER-24-PB-2020;R-01;2013|PP-45-2013
2020|PER-24-PB-2020;R-01;2012|PMK-190-2012
2020|PER-24-PB-2020;R-01;2009|PER-37-PB-2009
2020|PER-24-PB-2020;R-02;2009|PER-37-PB-2009
2020|PER-25-PB-2020;R-01;2020|PMK-204-2020
2020|PER-25-PB-2020;R-02;2016|PER-41-PB-2016
2020|PER-26-PB-2020;R-01;2014|UU-5-2014
2020|PER-26-PB-2020;R-01;2017|UU-11-2017
2020|PER-26-PB-2020;R-01;2020|UU-57-2020
2020|PER-26-PB-2020;R-01;2016|PMK-262-2016
2020|PER-26-PB-2020;R-01;2018|PMK-217-2018
2020|PER-26-PB-2020;R-01;2019|PMK-150-2019
2020|PER-26-PB-2020;R-01;2019|PMK-151-2019
2020|PER-27-PB-2020;R-01;2019|PER-25-PB-2019
2020|PER-27-PB-2020;R-04;2019|PER-25-PB-2019
2020|PER-28-PB-2020;R-01;2019|PER-31-PB-2019
2020|PER-28-PB-2020;R-04;2019|PER-31-PB-2019
2019|PER-1-PB-2019;R-01;2003|UU-17-2003
2019|PER-1-PB-2019;R-01;2004|UU-1-2004
2019|PER-1-PB-2019;R-01;2004|UU-15-2004
2019|PER-1-PB-2019;R-01;2010|PMK-32-2010
2019|PER-1-PB-2019;R-01;2014|PMK-32-2014
2018|PMK-202-2018;R-04;2014|PMK-32-2014
2019|PER-1-PB-2019;R-02;2014|PER-35-PB-2014
2019|PER-2-PB-2019;R-01;2018|UU-9-2018
2019|PER-2-PB-2019;R-01;2016|PP-60-2016
2019|PER-2-PB-2019;R-01;2012|PMK-190-2012
2019|PER-2-PB-2019;R-01;2018|PMK-194-2018
2019|PER-2-PB-2019;R-01;2013|PER-17-PB-2013
2019|PER-2-PB-2019;R-04;2013|PER-17-PB-2013
2019|PER-3-PB-2019;R-01;2007|PP-39-2007
2019|PER-3-PB-2019;R-01;2012|PMK-190-2012
2019|PER-3-PB-2019;R-01;2013|PMK-162-2013
2019|PER-3-PB-2019;R-01;2017|PMK-182-2017
2019|PER-3-PB-2019;R-01;2017|PMK-188-2017
2019|PER-4-PB-2019;R-01;2005|PP-23-2005
2019|PER-4-PB-2019;R-01;2011|PMK-92-2011
2019|PER-4-PB-2019;R-01;2017|PMK-94-2017
2019|PER-4-PB-2019;R-01;2017|PMK-99-2017
2019|PER-4-PB-2019;R-01;2017|PMK-197-2017
2019|PER-4-PB-2019;R-01;2018|PMK-206-2018
2018|PMK-142-2018;R-04;2017|PMK-94-2017
2019|PER-4-PB-2019;R-02;2018|PER-3-PB-2018
2019|PER-5-PB-2019;R-01;2013|PP-45-2013
2019|PER-5-PB-2019;R-01;2014|PMK-3-2014
2019|PER-5-PB-2019;R-01;2012|PMK-190-2012
2019|PER-5-PB-2019;R-01;2019|PMK-6-2019
2017|PMK-53-2017;R-04;2014|PMK-3-2014
2019|PER-6-PB-2019;R-01;2002|PP-35-2002
2019|PER-6-PB-2019;R-01;2012|PMK-04-2012
2007|PP-58-2007;R-04;2002|PP-35-2002
2019|PER-6-PB-2019;R-02;2016|PER-43-PB-2016
2019|PER-7-PB-2019;R-01;2018|PERPRES-16-2018
2019|PER-7-PB-2019;R-01;2017|PER-15-PB-2017
2019|PER-7-PB-2019;R-04;2017|PER-15-PB-2017
2019|PER-8-PB-2019;R-01;2013|PP-45-2013
2019|PER-8-PB-2019;R-01;2016|PER-31-PB-2016
2019|PER-8-PB-2019;R-04;2016|PER-31-PB-2016
2019|PER-9-PB-2019;R-01;2010|PMK-250-2010
2019|PER-9-PB-2019;R-01;2014|PMK-32-2014
2019|PER-9-PB-2019;R-01;2015|PMK-256-2015
2019|PER-9-PB-2019;R-01;2017|PMK-208-2017
2019|PER-9-PB-2019;R-01;2010|KMK-63-2010
2019|PER-9-PB-2019;R-01;2019|KMK-206-2019
2017|PMK-153-2017;R-04;2015|PMK-256-2015
2018|PMK-105-2018;R-04;2017|PMK-208-2017
2019|PER-9-PB-2019;R-02;2018|PER-7-PB-2018
2019|PER-10-PB-2019;R-01;2003|UU-17-2003
2019|PER-10-PB-2019;R-01;2004|UU-1-2004
2019|PER-10-PB-2019;R-01;2004|UU-15-2004
2019|PER-10-PB-2019;R-01;2010|PMK-249-2010
2019|PER-10-PB-2019;R-01;2014|PMK-32-2014
2019|PER-10-PB-2019;R-01;2018|PMK-217-2018
2014|PMK-32-2014;R-04;2014|PMK-32-2014
2019|PER-10-PB-2019;R-02;2014|PER-43-PB-2014
2019|PER-11-PB-2019;R-01;2014|PER-33-PB-2014
2019|PER-12-PB-2019;R-01;2013|PP-45-2013
2019|PER-12-PB-2019;R-01;2017|PERPRES-63-2017
2019|PER-12-PB-2019;R-01;2012|PMK-190-2012
2019|PER-12-PB-2019;R-01;2015|PMK-254-2015
2019|PER-13-PB-2019;R-01;2010|PMK-250-2010
2019|PER-13-PB-2019;R-01;2011|PMK-92-2011
2019|PER-13-PB-2019;R-01;2012|PMK-190-2012
2019|PER-13-PB-2019;R-01;2013|PMK-162-2013
2019|PER-13-PB-2019;R-01;2013|PMK-163-2013
2019|PER-13-PB-2019;R-01;2013|PMK-213-2013
2019|PER-13-PB-2019;R-01;2013|PMK-214-2013
2019|PER-13-PB-2019;R-01;2014|PMK-32-2014
2019|PER-13-PB-2019;R-01;2014|PMK-154-2014
2019|PER-13-PB-2019;R-01;2014|PMK-194-2014
2019|PER-13-PB-2019;R-01;2015|PMK-160-2015
2019|PER-13-PB-2019;R-01;2015|PMK-177-2015
2019|PER-13-PB-2019;R-01;2015|PMK-187-2015
2019|PER-13-PB-2019;R-01;2015|PMK-216-2015
2019|PER-13-PB-2019;R-01;2017|PMK-50-2017
2019|PER-13-PB-2019;R-01;2017|PMK-99-2017
2019|PER-13-PB-2019;R-01;2017|PMK-145-2017
2019|PER-13-PB-2019;R-01;2017|PMK-188-2017
2019|PER-13-PB-2019;R-01;2017|PMK-197-2017
2019|PER-13-PB-2019;R-01;2018|PMK-64-2018
2019|PER-13-PB-2019;R-01;2018|PMK-143-2018
2019|PER-13-PB-2019;R-01;2018|PMK-196-2018
2019|PER-13-PB-2019;R-01;2019|PMK-6-2019
2019|PER-13-PB-2019;R-01;2019|PMK-120-2019
2018|PMK-121-2018;R-04;2017|PMK-50-2017
2019|PER-14-PB-2019;R-01;1992|UU-7-1992
2019|PER-14-PB-2019;R-01;1995|UU-8-1995
2019|PER-14-PB-2019;R-01;2005|PP-23-2005
2019|PER-14-PB-2019;R-01;2017|PP-11-2017
2019|PER-14-PB-2019;R-01;2018|PP-49-2018
2019|PER-14-PB-2019;R-01;2011|PMK-92-2011
2019|PER-14-PB-2019;R-01;2015|PMK-131-2015
2019|PER-14-PB-2019;R-01;2017|PMK-180-2017
2019|PER-14-PB-2019;R-01;2017|PMK-176-2017
2019|PER-14-PB-2019;R-01;2014|KMK-467-2014
1998|UU-10-1998;R-04;1992|UU-7-1992
2019|PER-15-PB-2019;R-01;2013|PP-45-2013
2019|PER-15-PB-2019;R-01;2012|PMK-190-2012
2019|PER-15-PB-2019;R-01;2019|PMK-120-2019
2019|PER-15-PB-2019;R-02;2010|PER-12-PB-2010
2019|PER-16-PB-2019;R-01;2003|UU-17-2003
2019|PER-16-PB-2019;R-01;2004|UU-1-2004
2019|PER-16-PB-2019;R-01;2018|PERPRES-16-2018
2019|PER-16-PB-2019;R-01;2015|PMK-263-2015
2019|PER-16-PB-2019;R-01;2018|PMK-143-2018
2019|PER-16-PB-2019;R-01;2018|PMK-206-2018
2019|PER-17-PB-2019;R-01;2017|PMK-97-2017
2019|PER-17-PB-2019;R-01;2018|PMK-217-2018
2019|PER-17-PB-2019;R-01;2010|PMK-274-2010
2019|PER-17-PB-2019;R-01;2010|KMK-350-2010
2019|PER-17-PB-2019;R-01;2017|KMK-695-2017
2019|PER-17-PB-2019;R-01;2018|KMK-552-2018
2019|PER-17-PB-2019;R-01;2019|KMK-577-2019
2019|PER-18-PB-2019;R-01;2014|PMK-32-2014
2019|PER-18-PB-2019;R-01;2019|PER-10-PB-2019
2019|PER-19-PB-2019;R-01;2005|PP-14-2005
2019|PER-19-PB-2019;R-01;2016|PMK-176-2016
2017|PP-35-2017;R-04;2005|PP-14-2005
2019|PMK-104-2019;R-04;2016|PMK-176-2016
2019|PER-20-PB-2019;R-01;2004|UU-1-2004
2019|PER-20-PB-2019;R-01;2007|UU-39-2007
2019|PER-20-PB-2019;R-01;2013|PP-45-2013
2019|PER-20-PB-2019;R-01;2018|PP-16-2018
2019|PER-20-PB-2019;R-01;2012|PMK-190-2012
2019|PER-20-PB-2019;R-01;2013|PMK-162-2013
2019|PER-20-PB-2019;R-01;2017|PMK-182-2017
2019|PER-20-PB-2019;R-01;2018|PMK-196-2018
2019|PER-21-PB-2019;R-01;2019|PERPRES-75-2019
2019|PER-21-PB-2019;R-01;2013|PER-43-PB-2013
2017|PER-21-PB-2017;R-04;2013|PER-43-PB-2013
2019|PER-21-PB-2019;R-04;2013|PER-43-PB-2013
2019|PER-22-PB-2019;R-01;2013|PP-45-2013
2019|PER-22-PB-2019;R-01;2019|PERPRES-75-2019
2019|PER-22-PB-2019;R-01;2016|PER-31-PB-2016
2019|PER-22-PB-2019;R-04;2013|PER-31-PB-2013
2019|PER-23-PB-2019;R-01;2007|PP-39-2007
2019|PER-23-PB-2019;R-01;2019|PP-12-2019
2019|PER-23-PB-2019;R-01;2014|PMK-32-2014
2019|PER-23-PB-2019;R-01;2019|PMK-85-2019
2019|PER-24-PB-2019;R-01;2016|PMK-262-2016
2019|PER-24-PB-2019;R-01;2018|PMK-217-2018
2019|PER-24-PB-2019;R-02;2016|KEP-261-PB-2016
2019|PER-25-PB-2019;R-01;2014|UU-5-2014
2019|PER-25-PB-2019;R-01;2017|PP-11-2017
2019|PER-25-PB-2019;R-01;2015|PERPRES-28-2015
2019|PER-25-PB-2019;R-01;2016|PMK-262-2016
2019|PER-25-PB-2019;R-01;2018|PMK-217-2018
2019|PER-25-PB-2019;R-01;2019|PMK-148-2019
2019|PER-25-PB-2019;R-01;2019|PMK-149-2019
2019|PER-25-PB-2019;R-02;2016|PER-38-PB-2016
2019|PER-25-PB-2019;R-02;2016|KEP-703-PB-2016
2019|PER-26-PB-2019;R-01;2017|PMK-97-2017
2019|PER-26-PB-2019;R-01;2018|PMK-217-2018
2019|PER-26-PB-2019;R-01;2009|KMK-260-2009
2019|PER-26-PB-2019;R-01;2011|KMK-330-2011
2019|PER-26-PB-2019;R-01;2011|KMK-414-2011
2019|PER-26-PB-2019;R-01;2017|KMK-695-2017
2019|PER-26-PB-2019;R-01;2019|KMK-798-2019
2019|PER-27-PB-2019;R-01;2018|PMK-196-2018
2019|PER-27-PB-2019;R-01;2014|PER-3-PB-2014
2019|PER-27-PB-2019;R-04;2014|PER-3-PB-2014
2019|PER-28-PB-2019;R-01;2015|PMK-217-2015
2019|PER-28-PB-2019;R-01;2016|PMK-220-2016
2019|PER-28-PB-2019;R-01;2016|PMK-262-2016
2019|PER-28-PB-2019;R-02;2016|KEP-287-PB-2016
2019|PER-29-PB-2019;R-01;2013|PP-45-2013
2019|PER-29-PB-2019;R-01;2007|PMK-218-2007
2019|PER-29-PB-2019;R-01;2010|PMK-250-2010
2019|PER-29-PB-2019;R-01;2012|PMK-190-2012
2019|PER-29-PB-2019;R-01;2014|PMK-242-2014
2019|PER-29-PB-2019;R-01;2015|PMK-256-2015
2019|PER-29-PB-2019;R-01;2017|PMK-188-2017
2019|PER-29-PB-2019;R-01;2016|KMK-956-2016
2019|PER-29-PB-2019;R-02;2018|PER-8-PB-2018
2019|PER-30-PB-2019;R-01;2008|PP-60-2008
2019|PER-30-PB-2019;R-01;2010|PP-53-2010
2019|PER-30-PB-2019;R-01;2016|PP-38-2016
2019|PER-30-PB-2019;R-01;2013|PERPRES-76-2013
2019|PER-30-PB-2019;R-01;2018|PERPRES-16-2018
2019|PER-30-PB-2019;R-01;2011|PMK-214-2011
2019|PER-30-PB-2019;R-01;2016|PMK-262-2016
2019|PER-30-PB-2019;R-01;2017|PMK-7-2017
2019|PER-30-PB-2019;R-01;2017|PMK-218-2017
2019|PER-30-PB-2019;R-01;2018|PMK-190-2018
2019|PER-30-PB-2019;R-01;2018|PMK-217-2018
2019|PER-30-PB-2019;R-01;2011|KMK-149-2011
2019|PER-30-PB-2019;R-01;2011|KMK-152-2011
2019|PER-30-PB-2019;R-01;2011|KMK-312-2011
2019|PER-30-PB-2019;R-01;2017|KMK-940-2017
2019|PER-30-PB-2019;R-01;2019|KMK-577-2019
2019|PER-30-PB-2019;R-01;2013|PER-3-PB-2013
2019|PER-30-PB-2019;R-01;2016|PER-20-PB-2016
2018|PMK-93-2018;R-04;2011|PMK-214-2011
2019|PER-31-PB-2019;R-01;2014|UU-5-2014
2019|PER-31-PB-2019;R-01;2017|PP-11-2017
2019|PER-31-PB-2019;R-01;2015|PERPRES-28-2015
2019|PER-31-PB-2019;R-01;2016|PMK-262-2016
2019|PER-31-PB-2019;R-01;2018|PMK-217-2018
2019|PER-31-PB-2019;R-01;2019|PMK-150-2019
2019|PER-31-PB-2019;R-01;2019|PMK-151-2019
2018|PER-1-PB-2018;R-01;2013|PP-45-2013
2018|PER-1-PB-2018;R-01;2017|PMK-50-2017
2017|PMK-225-2017;R-04;2017|PMK-50-2017
2018|PER-1-PB-2018;R-04;2017|PER-4-PB-2017
2018|PER-1-PB-2018;R-02;2014|PER-35-PB-2014
2018|PER-2-PB-2018;R-01;2013|PP-45-2013
2018|PER-2-PB-2018;R-01;2008|PMK-133-2008
2018|PER-2-PB-2018;R-01;2012|PMK-190-2012
2018|PER-2-PB-2018;R-01;2016|PMK-190-2016
2018|PER-3-PB-2018;R-01;2005|PP-23-2005
2018|PER-3-PB-2018;R-01;2017|PP-17-2017
2018|PER-3-PB-2018;R-01;2017|PERPRES-107-2017
2018|PER-3-PB-2018;R-01;2011|PMK-92-2011
2018|PER-3-PB-2018;R-01;2014|PMK-194-2014
2018|PER-3-PB-2018;R-01;2017|PMK-94-2017
2018|PER-3-PB-2018;R-01;2017|PMK-99-2017
2018|PER-3-PB-2018;R-01;2017|PMK-197-2017
2018|PER-3-PB-2018;R-01;2018|PMK-11-2018
2018|PER-3-PB-2018;R-02;2017|PER-3-PB-2017
2018|PER-4-PB-2018;R-01;2013|PP-45-2013
2018|PER-4-PB-2018;R-01;2007|PMK-218-2007
2018|PER-4-PB-2018;R-01;2009|PMK-196-2009
2018|PER-4-PB-2018;R-01;2010|PMK-250-2010
2018|PER-4-PB-2018;R-01;2012|PMK-190-2012
2018|PER-4-PB-2018;R-01;2013|PMK-162-2013
2018|PER-4-PB-2018;R-01;2015|PMK-256-2015
2011|PMK-43-2011;R-04;2009|PMK-196-2009
2018|PER-4-PB-2018;R-02;2016|PER-55-PB-2016
2018|PER-5-PB-2018;R-01;2012|PMK-190-2012
2018|PER-5-PB-2018;R-01;2014|PMK-32-2014
2018|PER-5-PB-2018;R-01;2014|PMK-154-2014
2018|PER-5-PB-2018;R-01;2014|PMK-218-2014
2017|PMK-115-2017;R-04;2014|PMK-32-2014
2016|PMK-158-2016;R-04;2014|PMK-218-2014
2018|PER-5-PB-2018;R-02;2013|PER-14-PB-2013
2018|PER-6-PB-2018;R-01;2012|PMK-190-2012
2019|PER-6-PB-2019;R-01;2017|PMK-177-2017
2018|PER-7-PB-2018;R-01;2010|PMK-250-2010
2018|PER-7-PB-2018;R-01;2014|PMK-32-2014
2018|PER-7-PB-2018;R-01;2015|PMK-256-2015
2018|PER-7-PB-2018;R-01;2017|PMK-208-2017
2018|PER-7-PB-2018;R-01;2010|KMK-63-2010
2018|PER-7-PB-2018;R-02;2015|PER-17-PB-2015
2018|PER-8-PB-2018;R-01;2013|PP-45-2013
2018|PER-8-PB-2018;R-01;2007|PMK-218-2007
2018|PER-8-PB-2018;R-01;2010|PMK-250-2010
2018|PER-8-PB-2018;R-01;2012|PMK-190-2012
2018|PER-8-PB-2018;R-01;2014|PMK-242-2014
2018|PER-8-PB-2018;R-01;2015|PMK-256-2015
2018|PER-8-PB-2018;R-01;2017|PMK-188-2017
2018|PER-8-PB-2018;R-01;2016|KMK-956-2016
2018|PER-8-PB-2018;R-02;2017|PER-26-PB-2017
2018|PER-9-PB-2018;R-01;2013|PP-45-2013
2018|PER-9-PB-2018;R-01;2012|PMK-190-2012
2018|PER-9-PB-2018;R-01;2014|PMK-154-2014
2018|PER-9-PB-2018;R-01;2017|PMK-96-2017
2018|PER-9-PB-2018;R-01;2017|PMK-188-2017
2018|PER-9-PB-2018;R-02;2011|PER-74-PB-2011
2018|PER-9-PB-2018;R-02;2014|PER-30-PB-2014
2018|PER-9-PB-2018;R-02;2015|PER-44-PB-2015
2018|PER-10-PB-2018;R-01;2017|PMK-177-2017
2018|PER-11-PB-2018;R-01;2010|PMK-03-2010
2018|PER-11-PB-2018;R-01;2016|PMK-115-2016
2018|PER-12-PB-2018;R-01;2015|PMK-256-2015
2018|PER-12-PB-2018;R-01;2017|PER-8-PB-2017
2018|PER-12-PB-2018;R-04;2017|PER-8-PB-2017
2018|PER-13-PB-2018;R-01;2010|PMK-76-2010
2018|PER-13-PB-2018;R-01;2011|PMK-92-2011
2018|PER-13-PB-2018;R-01;2012|PMK-190-2012
2018|PER-13-PB-2018;R-01;2013|PMK-67-2013
2018|PER-13-PB-2018;R-01;2013|PMK-162-2013
2018|PER-13-PB-2018;R-01;2013|PMK-163-2013
2018|PER-13-PB-2018;R-01;2013|PMK-213-2013
2018|PER-13-PB-2018;R-01;2013|PMK-214-2013
2018|PER-13-PB-2018;R-01;2014|PMK-32-2014
2018|PER-13-PB-2018;R-01;2014|PMK-154-2014
2018|PER-13-PB-2018;R-01;2014|PMK-194-2014
2018|PER-13-PB-2018;R-01;2015|PMK-160-2015
2018|PER-13-PB-2018;R-01;2015|PMK-177-2015
2018|PER-13-PB-2018;R-01;2015|PMK-187-2015
2018|PER-13-PB-2018;R-01;2015|PMK-216-2015
2018|PER-13-PB-2018;R-01;2016|PMK-121-2016
2018|PER-13-PB-2018;R-01;2017|PMK-50-2017
2018|PER-13-PB-2018;R-01;2017|PMK-145-2017
2018|PER-13-PB-2018;R-01;2017|PMK-188-2017
2018|PER-13-PB-2018;R-01;2017|PMK-197-2017
2017|PMK-112-2017;R-04;2017|PMK-50-2017
2018|PER-14-PB-2018;R-01;2003|UU-17-2003
2018|PER-14-PB-2018;R-01;2004|UU-1-2004
2018|PER-14-PB-2018;R-01;2004|UU-15-2004
2018|PER-14-PB-2018;R-01;2017|UU-7-2017
2018|PER-14-PB-2018;R-01;2013|PP-45-2013
2018|PER-14-PB-2018;R-01;2012|PMK-190-2012
2018|PER-15-PB-2018;R-01;2012|PMK-190-2012
2018|PER-15-PB-2018;R-01;2016|PMK-228-2016
2018|PER-16-PB-2018;R-01;2017|PER-28-PB-2017
2018|PER-16-PB-2018;R-04;2017|PER-28-PB-2017
2018|PER-17-PB-2018;R-01;2011|PMK-152-2011
2018|PER-17-PB-2018;R-01;2015|PMK-160-2015
2018|PER-17-PB-2018;R-01;2017|PMK-182-2017
2018|PER-18-PB-2018;R-01;2002|PP-35-2002
2018|PER-18-PB-2018;R-01;2013|PP-45-2013
2018|PER-18-PB-2018;R-01;2007|PMK-218-2007
2018|PER-18-PB-2018;R-01;2012|PMK-04-2012
2018|PER-18-PB-2018;R-01;2012|PMK-31-2012
2018|PER-19-PB-2018;R-01;2014|PMK-32-2014
2018|PER-20-PB-2018;R-01;2017|PMK-50-2017
2018|PER-20-PB-2018;R-01;2017|PER-4-PB-2017
2018|PER-20-PB-2018;R-04;2017|PER-4-PB-2017
2018|PER-21-PB-2018;R-01;2013|PMK-213-2013
2018|PER-21-PB-2018;R-01;2017|PMK-104-2017
2018|PER-21-PB-2018;R-01;2018|PMK-83-2018
2018|PER-22-PB-2018;R-01;2014|PER-32-PB-2014
2017|PER-21-PB-2017;R-04;2014|PER-32-PB-2014
2018|PER-22-PB-2018;R-04;2014|PER-32-PB-2014
2018|PER-23-PB-2018;R-01;2014|PER-33-PB-2014
2017|PER-18-PB-2017;R-04;2014|PER-33-PB-2014
2018|PER-23-PB-2018;R-04;2014|PER-33-PB-2014
2018|PER-24-PB-2018;R-01;2014|PER-36-PB-2014
2018|PER-24-PB-2018;R-04;2014|PER-36-PB-2014
2018|PER-25-PB-2018;R-01;2015|PMK-234-2015
2018|PER-25-PB-2018;R-01;2016|PMK-262-2016
2018|PER-25-PB-2018;R-01;2018|PMK-95-2018
2017|PMK-212-2017;R-04;2015|PMK-234-2015
2018|PER-25-PB-2018;R-02;2017|PER-10-PB-2017
2018|PER-32-PB-2018;R-01;2013|PMK-213-2013
2018|PER-32-PB-2018;R-01;2013|PMK-219-2013
2018|PER-32-PB-2018;R-01;2015|PMK-216-2015
2016|PMK-224-2016;R-04;2013|PMK-219-2013
2018|PER-32-PB-2018;R-02;2015|PER-26-PB-2015
2018|PER-33-PB-2018;R-01;2013|PMK-213-2013
2018|PER-33-PB-2018;R-01;2015|PMK-177-2015
2018|PER-33-PB-2018;R-01;2017|PMK-104-2017
2018|PER-33-PB-2018;R-01;2016|PER-38-PB-2016
2018|PER-33-PB-2018;R-02;2013|PER-60-PB-2013
2018|PER-34-PB-2018;R-01;2003|UU-17-2003
2018|PER-34-PB-2018;R-01;2004|UU-1-2004
2018|PER-34-PB-2018;R-01;2004|UU-15-2004
2018|PER-34-PB-2018;R-01;2014|UU-23-2014
2018|PER-34-PB-2018;R-01;2004|UU-33-2004
2018|PER-34-PB-2018;R-01;2005|PP-23-2005
2018|PER-34-PB-2018;R-01;2005|PP-55-2005
2018|PER-34-PB-2018;R-01;2005|PP-56-2005
2018|PER-34-PB-2018;R-01;2005|PP-58-2005
2018|PER-34-PB-2018;R-01;2007|PP-39-2007
2018|PER-34-PB-2018;R-01;2012|PP-2-2012
2018|PER-34-PB-2018;R-01;2011|PMK-04-2011
2018|PER-34-PB-2018;R-01;2015|PMK-162-2015
2018|PER-34-PB-2018;R-01;2015|PMK-234-2015
2018|PER-34-PB-2018;R-01;2016|PMK-262-2016
2010|PP-65-2010;R-04;2005|PP-56-2005
2018|PER-34-PB-2018;R-02;2013|PER-30-PB-2013
2018|PER-35-PB-2018;R-01;2005|PP-23-2005
2018|PER-35-PB-2018;R-01;2016|PMK-95-2016
2018|PER-35-PB-2018;R-01;2016|PER-53-PB-2016
2017|PER-29-PB-2017;R-04;2016|PER-53-PB-2016
2018|PER-36-PB-2018;R-01;2018|PER-17-PB-2018
2018|PER-36-PB-2018;R-04;2018|PER-17-PB-2018
2018|PER-37-PB-2018;R-01;2014|PMK-32-2014
2018|PER-37-PB-2018;R-01;2017|PMK-104-2017
2018|PER-38-PB-2018;R-01;2012|PMK-190-2012
2018|PER-38-PB-2018;R-01;2014|PMK-154-2014
2018|PER-38-PB-2018;R-01;2018|PMK-159-2018
2018|PER-38-PB-2018;R-01;2013|PER-58-PB-2013
2018|PER-38-PB-2018;R-01;2014|PER-41-PB-2014
2018|PER-39-PB-2018;R-01;2012|PMK-190-2012
2018|PER-39-PB-2018;R-01;2013|PMK-162-2013
2018|PER-39-PB-2018;R-01;2017|PMK-182-2017
2018|PER-39-PB-2018;R-01;2018|PMK-159-2018
2018|PER-39-PB-2018;R-01;2014|PER-3-PB-2014
2018|PER-40-PB-2018;R-01;2012|PMK-190-2012
2018|PER-40-PB-2018;R-01;2014|PMK-154-2014
2018|PER-40-PB-2018;R-01;2018|PMK-159-2018
2018|PER-41-PB-2018;R-01;2016|PMK-181-2016
2018|PER-41-PB-2018;R-01;2018|PMK-159-2018
2018|PER-42-PB-2018;R-01;2018|PMK-159-2018
2018|PER-42-PB-2018;R-01;2016|PMK-181-2016
2018|PER-43-PB-2018;R-01;2013|PMK-213-2013
2018|PER-43-PB-2018;R-01;2017|PMK-104-2017
2018|PER-43-PB-2018;R-01;2018|PMK-159-2018
2018|PER-44-PB-2018;R-01;2015|PMK-82-2015
2018|PER-44-PB-2018;R-01;2016|PMK-170-2016
2018|PER-44-PB-2018;R-01;2018|PMK-70-2018
2018|PER-44-PB-2018;R-01;2015|PER-19-PB-2015
2016|PER-33-PB-2016;R-04;2015|PER-19-PB-2015
2017|PER-1-PB-2017;R-01;2008|PMK-47-2008
2017|PER-1-PB-2017;R-01;2013|KMK-130-2013
2017|PER-1-PB-2017;R-01;2014|KMK-467-2014
2017|PER-1-PB-2017;R-01;2015|PMK-234-2015
2017|PER-1-PB-2017;R-01;2016|PMK-60-2016
2015|KMK-556-2015;R-04;2014|KMK-467-2014
2017|PER-2-PB-2017;R-01;2003|UU-17-2003
2017|PER-2-PB-2017;R-01;2004|UU-1-2004
2017|PER-2-PB-2017;R-01;2008|UU-42-2008
2017|PER-2-PB-2017;R-01;2011|UU-15-2011
2017|PER-2-PB-2017;R-01;2012|UU-8-2012
2017|PER-2-PB-2017;R-01;2016|PERPRES-108-2016
2017|PER-2-PB-2017;R-01;2012|PMK-190-2012
2017|PER-3-PB-2017;R-01;2004|PP-20-2004
2017|PER-3-PB-2017;R-01;2005|PP-23-2005
2017|PER-3-PB-2017;R-01;2010|PP-90-2010
2017|PER-3-PB-2017;R-01;2016|PERPRES-97-2016
2017|PER-3-PB-2017;R-01;2011|PMK-92-2011
2017|PER-3-PB-2017;R-01;2011|PMK-191-2011
2017|PER-3-PB-2017;R-01;2016|PMK-163-2016
2017|PER-3-PB-2017;R-01;2014|PMK-194-2014
2017|PER-3-PB-2017;R-01;2014|PMK-277-2014
2017|PER-3-PB-2017;R-01;2017|PMK-10-2017
2017|PER-3-PB-2017;R-02;2016|PER-24-PB-2016
2017|PER-4-PB-2017;R-01;2013|PP-45-2013
2017|PER-4-PB-2017;R-01;2017|PMK-50-2017
2017|PER-5-PB-2017;R-01;2005|PP-23-2005
2017|PER-5-PB-2017;R-01;2006|PMK-10-2006
2007|PMK-73-2007;R-04;2006|PMK-10-2006
2017|PER-6-PB-2017;R-01;2014|PMK-69-2014
2017|PER-6-PB-2017;R-01;2014|PMK-259-2014
2017|PER-6-PB-2017;R-02;2011|PER-12-PB-2011
2017|PER-7-PB-2017;R-01;2010|PMK-03-2010
2017|PER-7-PB-2017;R-01;2014|PMK-3-2014
2017|PMK-53-2017;R-04;2014|PMK-3-2014
2017|PER-7-PB-2017;R-02;2016|PER-30-PB-2016
2017|PER-8-PB-2017;R-01;2013|PMK-213-2013
2017|PER-8-PB-2017;R-01;2014|PMK-154-2014
2017|PER-8-PB-2017;R-01;2014|PER-16-PB-2014
2017|PER-9-PB-2017;R-01;2003|UU-17-2003
2017|PER-9-PB-2017;R-01;2004|UU-1-2004
2017|PER-9-PB-2017;R-01;2013|PP-45-2013
2017|PER-9-PB-2017;R-01;2012|PMK-190-2012
2017|PER-9-PB-2017;R-01;2016|PMK-25-2016
2017|PER-10-PB-2017;R-01;2015|PMK-234-2015
2017|PER-10-PB-2017;R-01;2016|PMK-262-2016
2017|PER-10-PB-2017;R-01;2017|PMK-22-2017
2017|PER-11-PB-2017;R-01;2013|PP-45-2013
2017|PER-11-PB-2017;R-01;2017|PMK-50-2017
2017|PER-11-PB-2017;R-01;2017|PER-4-PB-2017
2017|PER-11-PB-2017;R-04;2017|PER-4-PB-2017
2017|PER-12-PB-2017;R-01;2013|PMK-67-2013
2017|PER-12-PB-2017;R-01;2006|PMK-99-2006
2017|PER-12-PB-2017;R-01;2010|PMK-76-2010
2017|PER-12-PB-2017;R-01;2011|PMK-92-2011
2017|PER-12-PB-2017;R-01;2012|PMK-190-2012
2017|PER-12-PB-2017;R-01;2013|PMK-162-2013
2017|PER-12-PB-2017;R-01;2013|PMK-163-2013
2017|PER-12-PB-2017;R-01;2013|PMK-213-2013
2017|PER-12-PB-2017;R-01;2013|PMK-214-2013
2017|PER-12-PB-2017;R-01;2014|PMK-32-2014
2017|PER-12-PB-2017;R-01;2014|PMK-154-2014
2017|PER-12-PB-2017;R-01;2014|PMK-194-2014
2017|PER-12-PB-2017;R-01;2014|PMK-277-2014
2017|PER-12-PB-2017;R-01;2015|PMK-160-2015
2017|PER-12-PB-2017;R-01;2015|PMK-177-2015
2017|PER-12-PB-2017;R-01;2015|PMK-187-2015
2017|PER-12-PB-2017;R-01;2015|PMK-216-2015
2017|PER-12-PB-2017;R-01;2016|PMK-121-2016
2017|PER-12-PB-2017;R-01;2017|PMK-50-2017
2017|PER-12-PB-2017;R-01;2006|PER-78-PB-2006
2017|PER-12-PB-2017;R-01;2011|PER-30-PB-2011
2017|PER-12-PB-2017;R-01;2011|PER-74-PB-2011
2017|PER-12-PB-2017;R-01;2012|PER-13-PB-2012
2017|PER-12-PB-2017;R-01;2013|PER-2-PB-2013
2017|PER-12-PB-2017;R-01;2016|PER-31-PB-2016
2013|PMK-100-2013;R-04;2010|PMK-76-2010
2013|PER-39-PB-2013;R-04;2006|PER-78-PB-2006
2015|PER-2-PB-2015;R-04;2011|PER-30-PB-2011
2012|PER-33-PB-2012;R-04;2011|PER-74-PB-2011
2017|PER-13-PB-2017;R-01;2013|PP-45-2013
2017|PER-13-PB-2017;R-01;2010|PMK-250-2010
2017|PER-13-PB-2017;R-01;2015|PMK-211-2015
2017|PER-14-PB-2017;R-01;2022|PP-35-2022
2017|PER-14-PB-2017;R-01;2012|PMK-04-2012
2017|PER-14-PB-2017;R-01;2015|PMK-234-2015
2017|PER-14-PB-2017;R-04;2016|PER-43-PB-2016
2017|PER-15-PB-2017;R-01;2002|UU-18-2002
2017|PER-15-PB-2017;R-01;2003|UU-17-2003
2017|PER-15-PB-2017;R-01;2004|UU-1-2004
2017|PER-15-PB-2017;R-01;2004|UU-15-2004
2017|PER-15-PB-2017;R-01;2013|PP-45-2013
2017|PER-15-PB-2017;R-01;2010|PERPRES-54-2010
2017|PER-15-PB-2017;R-01;2012|PMK-190-2012
2017|PER-15-PB-2017;R-01;2014|PMK-154-2014
2017|PER-15-PB-2017;R-01;2016|PMK-106-2016
2017|PER-16-PB-2017;R-01;2003|UU-17-2003
2017|PER-16-PB-2017;R-01;2004|UU-1-2004
2017|PER-16-PB-2017;R-01;2012|PMK-158-2012
2017|PER-16-PB-2017;R-01;2015|PMK-234-2015
2017|PER-16-PB-2017;R-01;2016|PMK-262-2016
2017|PER-16-PB-2017;R-01;2015|KMK-552-2015
2017|PER-17-PB-2017;R-01;2013|PP-45-2013
2017|PER-17-PB-2017;R-01;2012|PMK-113-2012
2017|PER-17-PB-2017;R-01;2012|PMK-190-2012
2017|PER-17-PB-2017;R-01;2013|PMK-162-2013
2017|PER-17-PB-2017;R-01;2013|PMK-214-2013
2017|PER-17-PB-2017;R-01;2014|PMK-154-2014
2017|PER-17-PB-2017;R-01;2015|PMK-164-2015
2016|PMK-227-2016;R-04;2015|PMK-164-2015
2017|PER-18-PB-2017;R-01;2014|PER-33-PB-2014
2017|PER-19-PB-2017;R-01;2005|PMK-12-2005
2017|PER-19-PB-2017;R-01;2009|PMK-171-2009
2017|PER-19-PB-2017;R-01;2015|PMK-40-2015
2017|PER-19-PB-2017;R-01;2015|PMK-234-2015
2017|PER-19-PB-2017;R-01;2016|PMK-13-2016
2017|PER-19-PB-2017;R-01;2016|PMK-20-2016
2017|PER-19-PB-2017;R-01;2016|PMK-108-2016
2017|PER-19-PB-2017;R-01;2016|PMK-176-2016
2017|PER-19-PB-2017;R-01;2016|PMK-262-2016
2017|PER-19-PB-2017;R-02;2011|PER-8-PB-2011
2017|PER-20-PB-2017;R-01;2012|UU-20-2012
2017|PER-20-PB-2017;R-01;2015|PMK-234-2015
2017|PER-20-PB-2017;R-01;2016|PMK-262-2016
2017|PER-20-PB-2017;R-01;2017|KMK-811-2017
2017|PER-21-PB-2017;R-01;2015|PMK-252-2015
2017|PER-21-PB-2017;R-01;2013|PER-43-PB-2013
2017|PER-22-PB-2017;R-01;2013|PMK-15-2013
2017|PER-22-PB-2017;R-02;2013|PER-5-PB-2013
2017|PER-23-PB-2017;R-01;2016|PERPRES-7-2016
2017|PER-23-PB-2017;R-01;2016|PMK-126-2016
2017|PER-23-PB-2017;R-02;2016|PER-37-PB-2016
2017|PER-24-PB-2017;R-01;2007|PP-39-2007
2017|PER-24-PB-2017;R-01;2010|PMK-03-2010
2017|PER-25-PB-2017;R-01;2007|PP-39-2007
2017|PER-25-PB-2017;R-01;2010|PMK-03-2010
2017|PER-25-PB-2017;R-01;2012|PMK-190-2012
2017|PER-26-PB-2017;R-01;2013|PP-45-2013
2017|PER-26-PB-2017;R-01;2007|PMK-218-2007
2017|PER-26-PB-2017;R-01;2010|PMK-250-2010
2017|PER-26-PB-2017;R-01;2012|PMK-190-2012
2017|PER-26-PB-2017;R-01;2014|PMK-242-2014
2017|PER-26-PB-2017;R-01;2015|PMK-256-2015
2017|PER-27-PB-2017;R-01;2013|PP-45-2013
2017|PER-27-PB-2017;R-01;2010|PERPRES-54-2010
2017|PER-27-PB-2017;R-01;2012|PMK-190-2012
2017|PER-27-PB-2017;R-01;2013|PMK-214-2013
2017|PER-27-PB-2017;R-01;2014|PMK-154-2014
2017|PER-27-PB-2017;R-01;2014|PMK-252-2014
2017|PER-28-PB-2017;R-01;2013|PP-45-2013
2017|PER-28-PB-2017;R-01;2010|PMK-250-2010
2017|PER-28-PB-2017;R-01;2014|PMK-222-2014
2017|PER-28-PB-2017;R-01;2015|PMK-231-2015
2017|PER-28-PB-2017;R-01;2015|PMK-234-2015
2016|PMK-226-2016;R-04;2014|PMK-222-2014
2017|PER-28-PB-2017;R-02;2010|PER-67-PB-2010
2017|PER-29-PB-2017;R-01;2016|PER-53-PB-2016
2017|PER-30-PB-2017;R-01;2003|UU-17-2003
2017|PER-30-PB-2017;R-01;2014|UU-23-2014
2017|PER-30-PB-2017;R-01;2005|PP-58-2005
2017|PER-30-PB-2017;R-01;2006|PP-8-2006
2017|PER-30-PB-2017;R-01;2010|PP-71-2010
2017|PER-30-PB-2017;R-01;2011|PMK-04-2011
2017|PER-30-PB-2017;R-01;2011|PMK-238-2011
2017|PER-30-PB-2017;R-01;2016|PMK-262-2016
2017|PER-31-PB-2017;R-01;2005|PP-23-2005
2017|PER-31-PB-2017;R-01;2017|PMK-98-2017
2017|PER-31-PB-2017;R-01;2004|UU-1-2004
2017|PER-31-PB-2017;R-01;2007|PP-39-2007
2017|PER-31-PB-2017;R-01;2010|PMK-03-2010
2017|PER-31-PB-2017;R-01;2014|PMK-3-2014
2017|PER-31-PB-2017;R-01;2014|PMK-277-2014
2017|PER-32-PB-2017;R-01;2004|UU-1-2004
2017|PER-32-PB-2017;R-01;2007|PP-39-2007
2017|PER-32-PB-2017;R-01;2010|PMK-03-2010
2017|PER-32-PB-2017;R-01;2014|PMK-3-2014
2017|PER-32-PB-2017;R-01;2014|PMK-277-2014
2017|PER-33-PB-2017;R-01;2008|PP-60-2008
2017|PER-33-PB-2017;R-01;2013|PMK-219-2013
2017|PER-33-PB-2017;R-01;2014|PMK-222-2014
2017|PER-33-PB-2017;R-01;2015|PMK-234-2015
2017|PER-33-PB-2017;R-01;2015|PMK-256-2015
2017|PER-33-PB-2017;R-01;2016|PMK-262-2016
2017|PER-34-PB-2017;R-01;2010|PP-71-2010
2017|PER-34-PB-2017;R-01;2011|PMK-238-2011
2017|PER-34-PB-2017;R-01;2014|PMK-275-2014
2017|PER-34-PB-2017;R-01;2016|PMK-215-2016
2017|PER-34-PB-2017;R-02;2013|PER-41-PB-2013
2017|PER-35-PB-2017;R-01;2010|PP-71-2010
2017|PER-35-PB-2017;R-01;2011|PP-10-2011
2017|PER-35-PB-2017;R-01;2013|PMK-213-2013
2017|PER-35-PB-2017;R-01;2013|PMK-214-2013
2017|PER-35-PB-2017;R-01;2013|PMK-215-2013
2017|PER-35-PB-2017;R-01;2013|PMK-219-2013
2017|PER-35-PB-2017;R-01;2014|PMK-259-2014
2017|PER-35-PB-2017;R-01;2014|PMK-262-2014
2017|PER-35-PB-2017;R-01;2014|PMK-271-2014
2017|PER-35-PB-2017;R-01;2015|PMK-84-2015
2017|PER-35-PB-2017;R-01;2015|PMK-256-2015
2017|PER-35-PB-2017;R-01;2016|PMK-135-2016
2017|PER-35-PB-2017;R-01;2016|PMK-222-2016
2017|PER-35-PB-2017;R-01;2016|PMK-225-2016
2016|PMK-218-2016;R-04;2014|PMK-262-2014
2017|PER-35-PB-2017;R-02;2015|PER-18-PB-2015
2016|PER-1-PB-2016;R-01;2003|UU-17-2003
2016|PER-1-PB-2016;R-01;2004|UU-1-2004
2016|PER-1-PB-2016;R-01;2004|UU-15-2004
2016|PER-1-PB-2016;R-01;2015|PERPRES-167-2015
2016|PER-1-PB-2016;R-01;2012|PMK-190-2012
2016|PER-1-PB-2016;R-03;2012|PER-52-PB-2012
2016|PER-2-PB-2016;R-01;2003|UU-17-2003
2016|PER-2-PB-2016;R-01;2004|UU-1-2004
2016|PER-2-PB-2016;R-01;2004|UU-15-2004
2016|PER-2-PB-2016;R-01;2015|PERPRES-134-2015
2016|PER-2-PB-2016;R-01;2012|PMK-190-2012
2016|PER-2-PB-2016;R-03;2012|PER-52-PB-2012
2016|PER-3-PB-2016;R-01;2003|UU-17-2003
2016|PER-3-PB-2016;R-01;2004|UU-1-2004
2016|PER-3-PB-2016;R-01;2004|UU-15-2004
2016|PER-3-PB-2016;R-01;1995|PP-42-1995
2016|PER-3-PB-2016;R-01;2011|PP-10-2011
2016|PER-3-PB-2016;R-01;2013|PP-45-2013
2016|PER-3-PB-2016;R-01;2010|PERPRES-54-2010
2016|PER-3-PB-2016;R-01;2012|PMK-188-2012
2016|PER-3-PB-2016;R-01;2012|PMK-190-2012
2016|PER-3-PB-2016;R-01;2014|PMK-206-2014
2016|PER-3-PB-2016;R-01;2015|PMK-84-2015
2012|PERPRES-70-2012;R-04;2010|PERPRES-54-2010
2016|PER-3-PB-2016;R-02;2012|PER-56-PB-2012
2016|PER-4-PB-2016;R-01;2003|UU-17-2003
2016|PER-4-PB-2016;R-01;2004|UU-1-2004
2016|PER-4-PB-2016;R-01;2004|UU-15-2004
2016|PER-4-PB-2016;R-01;2015|PP-152-2015
2016|PER-4-PB-2016;R-01;2012|PMK-190-2012
2016|PER-4-PB-2016;R-03;2012|PER-52-PB-2012
2016|PER-4-PB-2016;R-03;2013|PER-53-PB-2013
2016|PER-5-PB-2016;R-01;2003|UU-17-2003
2016|PER-5-PB-2016;R-01;2004|UU-1-2004
2016|PER-5-PB-2016;R-01;2004|UU-15-2004
2016|PER-5-PB-2016;R-01;2015|PP-160-2015
2016|PER-5-PB-2016;R-01;2012|PMK-190-2012
2016|PER-5-PB-2016;R-03;2012|PER-52-PB-2012
2016|PER-6-PB-2016;R-01;2003|UU-17-2003
2016|PER-6-PB-2016;R-01;2004|UU-1-2004
2016|PER-6-PB-2016;R-01;2004|UU-15-2004
2016|PER-6-PB-2016;R-01;2015|PP-161-2015
2016|PER-6-PB-2016;R-01;2012|PMK-190-2012
2016|PER-6-PB-2016;R-03;2013|PER-53-PB-2013
2016|PER-7-PB-2016;R-01;2003|UU-17-2003
2016|PER-7-PB-2016;R-01;2004|UU-1-2004
2016|PER-7-PB-2016;R-01;2004|UU-15-2004
2016|PER-7-PB-2016;R-01;2015|PP-169-2015
2016|PER-7-PB-2016;R-01;2012|PMK-190-2012
2016|PER-7-PB-2016;R-03;2013|PER-53-PB-2013
2016|PER-8-PB-2016;R-01;2003|UU-17-2003
2016|PER-8-PB-2016;R-01;2004|UU-1-2004
2016|PER-8-PB-2016;R-01;2004|UU-15-2004
2016|PER-8-PB-2016;R-01;2015|PP-159-2015
2016|PER-8-PB-2016;R-01;2012|PMK-190-2012
2016|PER-8-PB-2016;R-03;2012|PER-52-PB-2012
2016|PER-9-PB-2016;R-01;2003|UU-17-2003
2016|PER-9-PB-2016;R-01;2004|UU-1-2004
2016|PER-9-PB-2016;R-01;2004|UU-15-2004
2016|PER-9-PB-2016;R-01;2013|PP-45-2013
2016|PER-9-PB-2016;R-01;2012|PMK-169-2012
2016|PER-9-PB-2016;R-01;2012|PMK-190-2012
2016|PER-9-PB-2016;R-01;2014|PMK-206-2014
2016|PER-10-PB-2016;R-01;2003|UU-17-2003
2016|PER-10-PB-2016;R-01;2004|UU-1-2004
2016|PER-10-PB-2016;R-01;2004|UU-15-2004
2016|PER-10-PB-2016;R-01;2015|PP-162-2015
2016|PER-10-PB-2016;R-01;2012|PMK-190-2012
2016|PER-10-PB-2016;R-03;2012|PER-52-PB-2012
2016|PER-11-PB-2016;R-01;2003|UU-17-2003
2016|PER-11-PB-2016;R-01;2004|UU-1-2004
2016|PER-11-PB-2016;R-01;2004|UU-15-2004
2016|PER-11-PB-2016;R-01;2015|PP-120-2015
2016|PER-11-PB-2016;R-01;2012|PMK-190-2012
2016|PER-11-PB-2016;R-03;2012|PER-52-PB-2012
2016|PER-12-PB-2016;R-01;2003|UU-17-2003
2016|PER-12-PB-2016;R-01;2004|UU-1-2004
2016|PER-12-PB-2016;R-01;2004|UU-15-2004
2016|PER-12-PB-2016;R-01;2015|PP-168-2015
2016|PER-12-PB-2016;R-01;2012|PMK-190-2012
2016|PER-12-PB-2016;R-03;2012|PER-52-PB-2012
2016|PER-13-PB-2016;R-01;2003|UU-17-2003
2016|PER-13-PB-2016;R-01;2004|UU-1-2004
2016|PER-13-PB-2016;R-01;2004|UU-15-2004
2016|PER-13-PB-2016;R-01;2015|PP-165-2015
2016|PER-13-PB-2016;R-01;2012|PMK-190-2012
2016|PER-13-PB-2016;R-03;2013|PER-53-PB-2013
2016|PER-14-PB-2016;R-01;2003|UU-17-2003
2016|PER-14-PB-2016;R-01;2004|UU-1-2004
2016|PER-14-PB-2016;R-01;2004|UU-15-2004
2016|PER-14-PB-2016;R-01;2015|PP-166-2015
2016|PER-14-PB-2016;R-01;2012|PMK-190-2012
2016|PER-14-PB-2016;R-03;2013|PER-53-PB-2013
2016|PER-15-PB-2016;R-01;2003|UU-17-2003
2016|PER-15-PB-2016;R-01;2004|UU-1-2004
2016|PER-15-PB-2016;R-01;2004|UU-15-2004
2016|PER-15-PB-2016;R-01;2015|PP-150-2015
2016|PER-15-PB-2016;R-01;2012|PMK-190-2012
2016|PER-15-PB-2016;R-03;2013|PER-53-PB-2013
2016|PER-16-PB-2016;R-01;2003|UU-17-2003
2016|PER-16-PB-2016;R-01;2004|UU-1-2004
2016|PER-16-PB-2016;R-01;2008|UU-42-2008
2016|PER-16-PB-2016;R-01;2004|UU-15-2004
2016|PER-16-PB-2016;R-01;2012|UU-8-2012
2016|PER-16-PB-2016;R-01;2003|PP-62-2003
2016|PER-16-PB-2016;R-01;2015|PERPRES-22-2015
2016|PER-16-PB-2016;R-01;2012|PMK-190-2012
2016|PER-17-PB-2016;R-01;2003|UU-17-2003
2016|PER-17-PB-2016;R-01;2004|UU-1-2004
2016|PER-17-PB-2016;R-01;2004|UU-15-2004
2016|PER-17-PB-2016;R-01;2015|PP-139-2015
2016|PER-17-PB-2016;R-01;2012|PMK-190-2012
2016|PER-17-PB-2016;R-03;2013|PER-53-PB-2013
2016|PER-18-PB-2016;R-01;2003|UU-17-2003
2016|PER-18-PB-2016;R-01;2004|UU-1-2004
2016|PER-18-PB-2016;R-01;2004|UU-3-2004
2016|PER-18-PB-2016;R-01;2004|UU-15-2004
2016|PER-18-PB-2016;R-01;2008|UU-11-2008
2016|PER-18-PB-2016;R-01;2012|PP-82-2012
2016|PER-18-PB-2016;R-01;2013|PP-45-2013
2016|PER-18-PB-2016;R-01;2007|PMK-218-2007
2016|PER-18-PB-2016;R-01;2012|PMK-190-2012
2016|PER-18-PB-2016;R-01;2013|PMK-162-2013
2016|PER-18-PB-2016;R-01;2014|PMK-252-2014
2016|PER-19-PB-2016;R-01;2010|PP-71-2010
2016|PER-19-PB-2016;R-01;2013|PMK-213-2013
2016|PER-19-PB-2016;R-01;2015|PMK-256-2015
2016|PER-19-PB-2016;R-02;2013|PER-61-PB-2013
2016|PER-20-PB-2016;R-01;2008|PP-60-2008
2016|PER-20-PB-2016;R-01;2010|PP-53-2010
2016|PER-20-PB-2016;R-01;2007|PMK-48-2007
2016|PER-20-PB-2016;R-01;2009|PMK-169-2009
2016|PER-20-PB-2016;R-01;2015|PMK-83-2015
2016|PER-20-PB-2016;R-01;2015|PMK-234-2015
2016|PER-20-PB-2016;R-01;2015|PMK-12-2015
2016|PER-20-PB-2016;R-01;2011|PMK-152-2011
2016|PER-20-PB-2016;R-01;2013|KMK-32-2013
2016|PER-20-PB-2016;R-01;2015|KMK-552-2015
2016|PER-20-PB-2016;R-01;2013|PER-3-PB-2013
2016|PER-20-PB-2016;R-02;2013|KEP-34-PB-2013
2016|PER-21-PB-2016;R-01;2003|UU-17-2003
2016|PER-21-PB-2016;R-01;2004|UU-1-2004
2016|PER-21-PB-2016;R-01;2004|UU-15-2004
2016|PER-21-PB-2016;R-01;2013|PMK-14-2013
2016|PER-21-PB-2016;R-01;2015|PMK-154-2015
2016|PER-21-PB-2016;R-01;2015|PMK-234-2015
2016|PER-21-PB-2016;R-01;2016|PMK-11-2016
2016|PER-22-PB-2016;R-01;2011|UU-12-2011
2016|PER-22-PB-2016;R-01;2014|PERPRES-87-2014
2016|PER-22-PB-2016;R-01;2010|PMK-151-2010
2016|PER-22-PB-2016;R-01;2012|PMK-123-2012
2016|PER-22-PB-2016;R-01;2015|PMK-234-2015
2016|PER-22-PB-2016;R-01;2010|PER-66-PB-2010
2016|PER-22-PB-2016;R-02;2013|PER-8-PB-2013
2016|PER-23-PB-2016;R-01;2003|UU-17-2003
2016|PER-23-PB-2016;R-01;2004|UU-1-2004
2016|PER-23-PB-2016;R-01;2004|UU-15-2004
2016|PER-23-PB-2016;R-01;2016|PP-33-2016
2016|PER-23-PB-2016;R-01;2012|PMK-190-2012
2016|PER-23-PB-2016;R-03;2012|PER-52-PB-2012
2016|PER-24-PB-2016;R-01;2003|UU-17-2003
2016|PER-24-PB-2016;R-01;2004|UU-1-2004
2016|PER-24-PB-2016;R-01;2015|UU-14-2015
2016|PER-24-PB-2016;R-01;2004|PP-20-2004
2016|PER-24-PB-2016;R-01;2005|PP-23-2005
2016|PER-24-PB-2016;R-01;2010|PP-90-2010
2016|PER-24-PB-2016;R-01;2015|PERPRES-137-2015
2016|PER-24-PB-2016;R-01;2011|PMK-92-2011
2016|PER-24-PB-2016;R-01;2011|PMK-191-2011
2016|PER-24-PB-2016;R-01;2015|PMK-143-2015
2016|PER-24-PB-2016;R-01;2014|PMK-194-2014
2016|PER-24-PB-2016;R-01;2016|PMK-15-2016
2016|PMK-62-2016;R-04;2016|PMK-15-2016
2016|PER-24-PB-2016;R-02;2015|PER-9-PB-2015
2016|PER-25-PB-2016;R-01;2003|UU-17-2003
2016|PER-25-PB-2016;R-01;2004|UU-1-2004
2016|PER-25-PB-2016;R-01;2004|UU-15-2004
2016|PER-25-PB-2016;R-01;2016|PP-35-2016
2016|PER-25-PB-2016;R-01;2012|PMK-190-2012
2016|PER-25-PB-2016;R-03;2012|PER-52-PB-2012
2016|PER-26-PB-2016;R-01;2003|UU-17-2003
2016|PER-26-PB-2016;R-01;2004|UU-1-2004
2016|PER-26-PB-2016;R-01;2004|UU-15-2004
2016|PER-26-PB-2016;R-01;2016|PP-36-2016
2016|PER-26-PB-2016;R-01;2012|PMK-190-2012
2016|PER-26-PB-2016;R-03;2013|PER-53-PB-2013
2016|PER-27-PB-2016;R-01;2003|UU-17-2003
2016|PER-27-PB-2016;R-01;2004|UU-1-2004
2016|PER-27-PB-2016;R-01;2004|UU-15-2004
2016|PER-27-PB-2016;R-01;2016|PP-32-2016
2016|PER-27-PB-2016;R-01;2012|PMK-190-2012
2016|PER-27-PB-2016;R-03;2012|PER-52-PB-2012
2016|PER-27-PB-2016;R-03;2013|PER-53-PB-2013
2016|PER-28-PB-2016;R-01;2003|UU-17-2003
2016|PER-28-PB-2016;R-01;2004|UU-1-2004
2016|PER-28-PB-2016;R-01;2004|UU-15-2004
2016|PER-28-PB-2016;R-01;2016|PP-34-2016
2016|PER-28-PB-2016;R-01;2012|PMK-190-2012
2016|PER-28-PB-2016;R-03;2013|PER-53-PB-2013
2016|PER-29-PB-2016;R-01;2003|UU-17-2003
2016|PER-29-PB-2016;R-01;2004|UU-1-2004
2016|PER-29-PB-2016;R-01;2004|UU-15-2004
2016|PER-29-PB-2016;R-01;2016|PP-141-2016
2016|PER-29-PB-2016;R-01;2012|PMK-190-2012
2016|PER-29-PB-2016;R-03;2013|PER-53-PB-2013
2016|PER-30-PB-2016;R-01;2007|PP-39-2007
2016|PER-30-PB-2016;R-01;2010|PMK-03-2010
2016|PER-30-PB-2016;R-01;2014|PMK-3-2014
2016|PMK-77-2016;R-04;2014|PMK-3-2014
2016|PER-30-PB-2016;R-02;2015|PER-36-PB-2015
2016|PER-31-PB-2016;R-01;2013|PP-45-2013
2016|PER-31-PB-2016;R-01;2012|PMK-190-2012
2016|PER-32-PB-2016;R-01;2003|UU-17-2003
2016|PER-32-PB-2016;R-01;2004|UU-1-2004
2016|PER-32-PB-2016;R-01;2004|UU-15-2004
2016|PER-32-PB-2016;R-01;2007|PP-39-2007
2016|PER-32-PB-2016;R-01;2007|PMK-218-2007
2016|PER-32-PB-2016;R-01;2009|PMK-196-2009
2016|PER-32-PB-2016;R-01;2010|PMK-206-2010
2016|PER-32-PB-2016;R-01;2015|PMK-234-2015
2016|PER-32-PB-2016;R-01;2014|PER-22-PB-2014
2016|PER-32-PB-2016;R-01;2014|PER-40-PB-2014
2013|PMK-203-2013;R-04;2010|PMK-206-2010
2015|PER-13-PB-2015;R-04;2014|PER-22-PB-2014
2016|PER-33-PB-2016;R-01;1981|PP-25-1981
2016|PER-33-PB-2016;R-01;2015|PP-102-2015
2016|PER-33-PB-2016;R-01;2015|PMK-256-2015
2016|PER-33-PB-2016;R-01;2015|PER-19-PB-2015
2013|PP-20-2013;R-04;1981|PP-25-1981
2016|PER-34-PB-2016;R-01;2002|PP-35-2002
2016|PER-34-PB-2016;R-01;2007|PMK-121-2007
2016|PER-34-PB-2016;R-01;2012|PMK-04-2012
2016|PER-34-PB-2016;R-01;2015|PMK-234-2015
2016|PER-35-PB-2016;R-01;2014|PER-33-PB-2014
2015|PER-22-PB-2015;R-04;2014|PER-33-PB-2014
2016|PER-36-PB-2016;R-01;2005|PP-23-2005
2016|PER-36-PB-2016;R-01;2008|PMK-76-2008
2016|PER-36-PB-2016;R-01;2015|PER-7-PB-2015
2016|PER-36-PB-2016;R-02;2014|PER-34-PB-2014
2016|PER-37-PB-2016;R-01;2016|PERPRES-7-2016
2016|PER-37-PB-2016;R-01;2016|PMK-126-2016
2016|PER-38-PB-2016;R-01;2015|PMK-234-2015
2016|PER-38-PB-2016;R-01;2012|PMK-169-2012
2016|PER-38-PB-2016;R-02;2011|PER-6-PB-2011
2016|PER-38-PB-2016;R-02;2016|PER-29-PB-2016
2016|PER-39-PB-2016;R-01;2003|UU-17-2003
2016|PER-39-PB-2016;R-01;2004|UU-1-2004
2016|PER-39-PB-2016;R-01;2004|UU-15-2004
2016|PER-39-PB-2016;R-01;1995|PP-42-1995
2016|PER-39-PB-2016;R-01;2011|PP-10-2011
2016|PER-39-PB-2016;R-01;2013|PP-45-2013
2016|PER-39-PB-2016;R-01;2010|PERPRES-54-2010
2016|PER-39-PB-2016;R-01;2012|PMK-188-2012
2016|PER-39-PB-2016;R-01;2012|PMK-190-2012
2016|PER-39-PB-2016;R-01;2015|PMK-234-2015
2016|PER-39-PB-2016;R-01;2015|PMK-84-2015
2016|PER-39-PB-2016;R-01;2016|PER-3-PB-2016
2016|PER-39-PB-2016;R-04;2016|PER-3-PB-2016
2016|PER-40-PB-2016;R-01;2010|PER-57-PB-2010
2016|PER-40-PB-2016;R-04;2010|PER-57-PB-2010
2016|PER-41-PB-2016;R-01;2013|PP-45-2013
2016|PER-41-PB-2016;R-01;2012|PMK-190-2012
2016|PER-42-PB-2016;R-01;2003|UU-17-2003
2016|PER-42-PB-2016;R-01;2004|UU-1-2004
2016|PER-42-PB-2016;R-01;2004|UU-15-2004
2016|PER-42-PB-2016;R-01;2015|PERPRES-170-2015
2016|PER-42-PB-2016;R-01;2012|PMK-190-2012
2016|PER-42-PB-2016;R-03;2013|PER-53-PB-2013
2016|PER-43-PB-2016;R-01;2002|PP-35-2002
2016|PER-43-PB-2016;R-01;2007|PMK-121-2007
2016|PER-43-PB-2016;R-01;2012|PMK-04-2012
2016|PER-43-PB-2016;R-01;2015|PMK-234-2015
2016|PER-43-PB-2016;R-02;2016|PER-34-PB-2016
2016|PER-44-PB-2016;R-01;2003|UU-17-2003
2016|PER-44-PB-2016;R-01;2004|UU-1-2004
2016|PER-44-PB-2016;R-01;2004|UU-15-2004
2016|PER-44-PB-2016;R-01;2013|PP-45-2013
2016|PER-44-PB-2016;R-01;2013|PMK-67-2013
2016|PER-44-PB-2016;R-01;2006|PMK-99-2006
2016|PER-44-PB-2016;R-01;2010|PMK-76-2010
2016|PER-44-PB-2016;R-01;2011|PMK-92-2011
2016|PER-44-PB-2016;R-01;2012|PMK-190-2012
2016|PER-44-PB-2016;R-01;2013|PMK-163-2013
2016|PER-44-PB-2016;R-01;2013|PMK-213-2013
2016|PER-44-PB-2016;R-01;2013|PMK-214-2013
2016|PER-44-PB-2016;R-01;2014|PMK-32-2014
2016|PER-44-PB-2016;R-01;2014|PMK-154-2014
2016|PER-44-PB-2016;R-01;2014|PMK-277-2014
2016|PER-44-PB-2016;R-01;2015|PMK-177-2015
2016|PER-44-PB-2016;R-01;2015|PMK-187-2015
2016|PER-44-PB-2016;R-01;2016|PMK-121-2016
2016|PER-44-PB-2016;R-01;2016|PMK-160-2016
2016|PER-44-PB-2016;R-01;2006|PER-78-PB-2006
2016|PER-44-PB-2016;R-01;2011|PER-30-PB-2011
2016|PER-44-PB-2016;R-01;2011|PER-74-PB-2011
2016|PER-44-PB-2016;R-01;2012|PER-13-PB-2012
2016|PER-44-PB-2016;R-01;2013|PER-2-PB-2013
2016|PER-44-PB-2016;R-01;2016|PER-31-PB-2016
2007|PMK-37-2007;R-04;2006|PMK-99-2006
2016|PER-45-PB-2016;R-01;2007|PP-39-2007
2016|PER-45-PB-2016;R-01;2009|PMK-90-2009
2016|PER-46-PB-2016;R-01;2015|PER-22-PB-2015
2016|PER-46-PB-2016;R-04;2015|PER-22-PB-2015
2016|PER-47-PB-2016;R-01;2003|UU-17-2003
2016|PER-47-PB-2016;R-01;2004|UU-1-2004
2016|PER-47-PB-2016;R-01;2004|UU-15-2004
2016|PER-47-PB-2016;R-01;2016|PERPRES-85-2016
2016|PER-47-PB-2016;R-01;2012|PMK-190-2012
2016|PER-47-PB-2016;R-03;2016|PER-17-PB-2016
2016|PER-48-PB-2016;R-01;2015|PER-7-PB-2015
2016|PER-49-PB-2016;R-01;2016|PER-44-PB-2016
2016|PER-49-PB-2016;R-04;2016|PER-44-PB-2016
2016|PER-50-PB-2016;R-01;2003|UU-17-2003
2016|PER-50-PB-2016;R-01;2004|UU-1-2004
2016|PER-50-PB-2016;R-01;2004|UU-15-2004
2016|PER-50-PB-2016;R-01;2016|PERPRES-7-2016
2016|PER-50-PB-2016;R-01;2012|PMK-169-2012
2016|PER-50-PB-2016;R-01;2012|PMK-234-2012
2016|PER-50-PB-2016;R-01;2012|PMK-190-2012
2016|PER-50-PB-2016;R-02;2013|PER-38-PB-2013
2016|PER-51-PB-2016;R-01;2015|PER-40-PB-2015
2016|PER-51-PB-2016;R-04;2015|PER-40-PB-2015
2016|PER-52-PB-2016;R-01;2003|UU-17-2003
2016|PER-52-PB-2016;R-01;2004|UU-1-2004
2016|PER-52-PB-2016;R-01;2004|UU-15-2004
2016|PER-52-PB-2016;R-01;2016|PERPRES-106-2016
2016|PER-52-PB-2016;R-01;2012|PMK-190-2012
2016|PER-52-PB-2016;R-03;2013|PER-53-PB-2013
2016|PER-53-PB-2016;R-01;2003|UU-17-2003
2016|PER-53-PB-2016;R-01;2004|UU-1-2004
2016|PER-53-PB-2016;R-01;2008|UU-11-2008
2016|PER-53-PB-2016;R-01;2005|PP-23-2005
2016|PER-53-PB-2016;R-01;2006|PMK-10-2006
2016|PER-53-PB-2016;R-01;2008|PMK-76-2008
2016|PER-53-PB-2016;R-01;2011|PMK-92-2011
2016|PER-53-PB-2016;R-01;2015|PMK-234-2015
2016|PER-53-PB-2016;R-01;2016|PMK-95-2016
2016|PER-53-PB-2016;R-01;2016|PMK-100-2016
2016|PER-53-PB-2016;R-01;2016|PMK-180-2016
2016|PER-53-PB-2016;R-01;2015|PER-7-PB-2015
2016|PER-54-PB-2016;R-01;2003|UU-17-2003
2016|PER-54-PB-2016;R-01;2004|UU-1-2004
2016|PER-54-PB-2016;R-01;2004|UU-15-2004
2016|PER-54-PB-2016;R-01;2016|PERPRES-107-2016
2016|PER-54-PB-2016;R-01;2012|PMK-190-2012
2016|PER-54-PB-2016;R-03;2013|PER-53-PB-2013
2016|PER-55-PB-2016;R-01;2003|UU-17-2003
2016|PER-55-PB-2016;R-01;2004|UU-1-2004
2016|PER-55-PB-2016;R-01;2004|UU-15-2004
2016|PER-55-PB-2016;R-01;2013|PP-45-2013
2016|PER-55-PB-2016;R-01;2007|PMK-218-2007
2016|PER-55-PB-2016;R-01;2009|PMK-196-2009
2016|PER-55-PB-2016;R-01;2012|PMK-190-2012
2016|PER-56-PB-2016;R-01;2010|PP-71-2010
2016|PER-56-PB-2016;R-01;2006|PP-8-2006
2016|PER-56-PB-2016;R-01;2012|PMK-169-2012
2016|PER-56-PB-2016;R-01;2013|PMK-213-2013
2016|PER-56-PB-2016;R-01;2014|PMK-262-2014
2016|PER-56-PB-2016;R-01;2015|PMK-216-2015
2016|PER-56-PB-2016;R-01;2015|PMK-234-2015
2016|PER-56-PB-2016;R-02;2006|PER-66-PB-2006
2015|PER-1-PB-2015;R-01;2003|UU-17-2003
2015|PER-1-PB-2015;R-01;2004|UU-1-2004
2015|PER-1-PB-2015;R-01;2004|UU-15-2004
2015|PER-1-PB-2015;R-01;2014|UU-5-2014
2015|PER-1-PB-2015;R-01;2008|PP-1-2008
2015|PER-1-PB-2015;R-01;2008|PP-60-2008
2015|PER-1-PB-2015;R-01;2005|PMK-12-2005
2015|PER-1-PB-2015;R-01;2005|PMK-117-2005
2015|PER-1-PB-2015;R-01;2008|PMK-103-2008
2015|PER-1-PB-2015;R-01;2008|PMK-135-2008
2015|PER-1-PB-2015;R-01;2008|PMK-179-2008
2015|PER-1-PB-2015;R-01;2008|PMK-181-2008
2015|PER-1-PB-2015;R-01;2008|PMK-182-2008
2015|PER-1-PB-2015;R-01;2008|PMK-183-2008
2015|PER-1-PB-2015;R-01;2008|PMK-207-2008
2015|PER-1-PB-2015;R-01;2009|PMK-131-2009
2015|PER-1-PB-2015;R-01;2009|PMK-171-2009
2015|PER-1-PB-2015;R-01;2009|PMK-229-2009
2015|PER-1-PB-2015;R-01;2010|PMK-103-2010
2015|PER-1-PB-2015;R-01;2010|PMK-184-2010
2015|PER-1-PB-2015;R-01;2011|PMK-151-2011
2015|PER-1-PB-2015;R-01;2011|PMK-193-2011
2015|PER-1-PB-2015;R-01;2012|PMK-115-2012
2015|PER-1-PB-2015;R-01;2012|PMK-169-2012
2015|PER-1-PB-2015;R-01;2012|PMK-190-2012
2015|PER-1-PB-2015;R-01;2012|PMK-247-2012
2015|PER-1-PB-2015;R-01;2013|PMK-14-2013
2015|PER-1-PB-2015;R-01;1999|KMK-486-1999
2015|PER-1-PB-2015;R-01;2010|KMK-12-2010
2015|PER-1-PB-2015;R-01;2010|KMK-275-2010
2015|PER-1-PB-2015;R-01;2013|KMK-248-2013
2015|PER-1-PB-2015;R-01;2013|PER-3-PB-2013
2015|PER-1-PB-2015;R-01;2012|KEP-85-PB-2012
2015|PER-1-PB-2015;R-01;2012|KEP-107-PB-2012
2015|PER-1-PB-2015;R-01;2012|KEP-184-PB-2012
2015|PER-1-PB-2015;R-01;2013|KEP-34-PB-2013
2015|PER-1-PB-2015;R-01;2014|KEP-26-PB-2014
2015|PER-1-PB-2015;R-01;2014|KEP-133-PB-2014
2011|PMK-241-2011;R-04;2009|PMK-131-2009
2011|PMK-91-2011;R-04;2009|PMK-229-2009
2013|PMK-153-2013;R-04;2013|PMK-14-2013
2000|KMK-528-2000;R-04;1999|KMK-486-1999
2011|KMK-454-2011;R-04;2010|KMK-12-2010
2012|KMK-151-2012;R-04;2010|KMK-275-2010
2015|PER-2-PB-2015;R-01;2011|PMK-92-2011
2015|PER-2-PB-2015;R-01;2014|PMK-154-2014
2015|PER-2-PB-2015;R-01;2011|PER-30-PB-2011
2015|PER-2-PB-2015;R-04;2011|PER-30-PB-2011
2015|PER-3-PB-2015;R-01;2010|PER-67-PB-2010
2015|PER-3-PB-2015;R-04;2010|PER-67-PB-2010
2015|PER-4-PB-2015;R-01;2003|UU-17-2003
2015|PER-4-PB-2015;R-01;2004|UU-1-2004
2015|PER-4-PB-2015;R-01;2004|UU-15-2004
2015|PER-4-PB-2015;R-01;1995|PP-42-1995
2015|PER-4-PB-2015;R-01;2011|PP-10-2011
2015|PER-4-PB-2015;R-01;2013|PP-45-2013
2015|PER-4-PB-2015;R-01;2010|PERPRES-54-2010
2015|PER-4-PB-2015;R-01;2010|PMK-184-2010
2015|PER-4-PB-2015;R-01;2011|PMK-151-2011
2015|PER-4-PB-2015;R-01;2012|PMK-190-2012
2015|PER-4-PB-2015;R-01;2012|PER-56-PB-2012
2015|PER-5-PB-2015;R-01;2003|UU-17-2003
2015|PER-5-PB-2015;R-01;2004|UU-1-2004
2015|PER-5-PB-2015;R-01;2004|UU-15-2004
2015|PER-5-PB-2015;R-01;2013|PP-45-2013
2015|PER-5-PB-2015;R-01;2012|PMK-190-2012
2015|PER-5-PB-2015;R-01;2014|PMK-154-2014
2015|PER-6-PB-2015;R-01;2002|UU-3-2002
2015|PER-6-PB-2015;R-01;2003|UU-17-2003
2015|PER-6-PB-2015;R-01;2004|UU-34-2004
2015|PER-6-PB-2015;R-01;2004|UU-1-2004
2015|PER-6-PB-2015;R-01;2013|PMK-67-2013
2015|PER-6-PB-2015;R-01;2008|PMK-133-2008
2015|PER-7-PB-2015;R-01;2003|UU-17-2003
2015|PER-7-PB-2015;R-01;2004|UU-1-2004
2015|PER-7-PB-2015;R-01;2004|UU-15-2004
2015|PER-7-PB-2015;R-01;2005|PP-23-2005
2015|PER-7-PB-2015;R-01;2014|PMK-206-2014
2015|PER-7-PB-2015;R-01;2012|PMK-169-2012
2015|PER-7-PB-2015;R-02;2011|PER-83-PB-2011
2015|PER-8-PB-2015;R-01;2003|UU-17-2003
2015|PER-8-PB-2015;R-01;2004|UU-1-2004
2015|PER-8-PB-2015;R-01;2004|UU-15-2004
2015|PER-8-PB-2015;R-01;1995|PP-42-1995
2015|PER-8-PB-2015;R-01;2011|PP-10-2011
2015|PER-8-PB-2015;R-01;2013|PP-45-2013
2015|PER-8-PB-2015;R-01;2010|PERPRES-54-2010
2015|PER-8-PB-2015;R-01;2010|PMK-184-2010
2015|PER-8-PB-2015;R-01;2011|PMK-151-2011
2015|PER-8-PB-2015;R-01;2012|PMK-190-2012
2015|PER-8-PB-2015;R-01;2012|PER-56-PB-2012
2015|PER-9-PB-2015;R-01;2003|UU-17-2003
2015|PER-9-PB-2015;R-01;2004|UU-1-2004
2015|PER-9-PB-2015;R-01;2014|UU-27-2014
2015|PER-9-PB-2015;R-01;2004|PP-20-2004
2015|PER-9-PB-2015;R-01;2005|PP-23-2005
2015|PER-9-PB-2015;R-01;2010|PP-90-2010
2015|PER-9-PB-2015;R-01;2014|PERPRES-162-2014
2015|PER-9-PB-2015;R-01;2011|PMK-92-2011
2015|PER-9-PB-2015;R-01;2011|PMK-191-2011
2015|PER-9-PB-2015;R-01;2013|PMK-171-2013
2015|PER-9-PB-2015;R-01;2014|PMK-136-2014
2015|PER-9-PB-2015;R-01;2014|PMK-194-2014
2015|PER-9-PB-2015;R-01;2014|PMK-257-2014
2014|PMK-208-2014;R-04;2013|PMK-171-2013
2015|PER-9-PB-2015;R-02;2014|PER-6-PB-2014
2015|PER-10-PB-2015;R-01;2003|UU-17-2003
2015|PER-10-PB-2015;R-01;2004|UU-1-2004
2015|PER-10-PB-2015;R-01;2004|UU-15-2004
2015|PER-10-PB-2015;R-01;1995|PP-42-1995
2015|PER-10-PB-2015;R-01;2011|PP-10-2011
2015|PER-10-PB-2015;R-01;2013|PP-45-2013
2015|PER-10-PB-2015;R-01;2010|PERPRES-54-2010
2015|PER-10-PB-2015;R-01;2014|PMK-206-2014
2015|PER-10-PB-2015;R-01;2011|PMK-151-2011
2015|PER-10-PB-2015;R-01;2012|PMK-169-2012
2015|PER-10-PB-2015;R-01;2012|PMK-190-2012
2015|PER-10-PB-2015;R-01;2012|PER-56-PB-2012
2015|PER-11-PB-2015;R-01;2003|UU-17-2003
2015|PER-11-PB-2015;R-01;2004|UU-1-2004
2015|PER-11-PB-2015;R-01;2004|UU-15-2004
2015|PER-11-PB-2015;R-01;2006|PMK-99-2006
2015|PER-11-PB-2015;R-01;2007|PMK-171-2007
2015|PER-11-PB-2015;R-01;2012|PMK-169-2012
2015|PER-11-PB-2015;R-01;2012|PMK-190-2012
2015|PER-11-PB-2015;R-01;2013|PMK-210-2013
2015|PER-11-PB-2015;R-01;2014|PMK-154-2014
2015|PER-11-PB-2015;R-01;2014|PER-7-PB-2014
2015|PER-11-PB-2015;R-01;2014|PER-16-PB-2014
2015|PER-11-PB-2015;R-04;2014|PER-7-PB-2014
2015|PER-12-PB-2015;R-01;2014|PMK-206-2014
2015|PER-12-PB-2015;R-01;2014|KMK-639-2014
2015|PER-12-PB-2015;R-01;2014|KMK-640-2014
2015|PER-12-PB-2015;R-01;2014|PER-10-PB-2014
2015|PER-12-PB-2015;R-04;2014|PER-10-PB-2014
2015|PER-13-PB-2015;R-01;2003|UU-17-2003
2015|PER-13-PB-2015;R-01;2004|UU-1-2004
2015|PER-13-PB-2015;R-01;2004|UU-15-2004
2015|PER-13-PB-2015;R-01;2007|PP-39-2007
2015|PER-13-PB-2015;R-01;2007|PMK-218-2007
2015|PER-13-PB-2015;R-01;2009|PMK-196-2009
2015|PER-13-PB-2015;R-01;2010|PMK-206-2010
2015|PER-13-PB-2015;R-01;2014|PMK-206-2014
2015|PER-13-PB-2015;R-01;2014|PER-22-PB-2014
2015|PER-13-PB-2015;R-01;2014|PER-40-PB-2014
#N/A;R-04;2010|PMK-206-2010
2015|PER-14-PB-2015;R-01;2003|UU-17-2003
2015|PER-14-PB-2015;R-01;2004|UU-1-2004
2015|PER-14-PB-2015;R-01;2004|UU-15-2004
2015|PER-14-PB-2015;R-01;1995|PP-42-1995
2015|PER-14-PB-2015;R-01;2011|PP-10-2011
2015|PER-14-PB-2015;R-01;2013|PP-45-2013
2015|PER-14-PB-2015;R-01;2010|PERPRES-54-2010
2015|PER-14-PB-2015;R-01;2014|PMK-206-2014
2015|PER-14-PB-2015;R-01;2011|PMK-151-2011
2015|PER-14-PB-2015;R-01;2012|PMK-190-2012
2015|PER-14-PB-2015;R-01;2012|PER-56-PB-2012
2015|PERPRES-4-2015;R-04;2010|PERPRES-54-2010
2015|PER-15-PB-2015;R-01;2010|PMK-249-2010
2015|PER-15-PB-2015;R-01;2014|PMK-32-2014
2015|PER-15-PB-2015;R-01;2014|PMK-242-2014
2015|PER-16-PB-2015;R-01;2003|UU-17-2003
2015|PER-16-PB-2015;R-01;2004|UU-1-2004
2015|PER-16-PB-2015;R-01;2004|UU-15-2004
2015|PER-16-PB-2015;R-01;2004|UU-33-2004
2015|PER-16-PB-2015;R-01;2005|PP-55-2005
2015|PER-16-PB-2015;R-01;2005|PP-56-2005
2015|PER-16-PB-2015;R-01;2005|PP-58-2005
2015|PER-16-PB-2015;R-01;2012|PP-2-2012
2015|PER-16-PB-2015;R-01;2011|PMK-04-2011
2015|PER-16-PB-2015;R-01;2012|PMK-169-2012
2015|PER-16-PB-2015;R-01;2012|PMK-188-2012
2015|PER-16-PB-2015;R-01;2014|PMK-206-2014
2015|PER-16-PB-2015;R-01;2014|PMK-241-2014
2015|PER-16-PB-2015;R-01;2014|KMK-46-2014
2015|PER-17-PB-2015;R-01;2003|UU-17-2003
2015|PER-17-PB-2015;R-01;2004|UU-1-2004
2015|PER-17-PB-2015;R-01;2004|UU-15-2004
2015|PER-17-PB-2015;R-01;2007|PP-39-2007
2015|PER-17-PB-2015;R-01;2013|PP-45-2013
2015|PER-17-PB-2015;R-01;2006|PMK-99-2006
2015|PER-17-PB-2015;R-01;2010|PMK-32-2010
2015|PER-17-PB-2015;R-01;2010|PMK-249-2010
2015|PER-17-PB-2015;R-01;2012|PMK-169-2012
2015|PER-17-PB-2015;R-01;2012|PMK-190-2012
2015|PER-17-PB-2015;R-01;2014|PMK-32-2014
2015|PER-17-PB-2015;R-01;2014|PMK-206-2014
2015|PER-17-PB-2015;R-01;2014|PMK-257-2014
2015|PER-17-PB-2015;R-01;2010|KMK-63-2010
2015|PER-17-PB-2015;R-01;2013|KMK-5-2013
2015|PER-17-PB-2015;R-01;2013|KMK-6-2013
2015|PER-17-PB-2015;R-02;2014|PER-27-PB-2014
2015|PER-18-PB-2015;R-01;2010|PP-71-2010
2015|PER-18-PB-2015;R-01;2011|PP-10-2011
2015|PER-18-PB-2015;R-01;2013|PMK-213-2013
2015|PER-18-PB-2015;R-01;2013|PMK-214-2013
2015|PER-18-PB-2015;R-01;2013|PMK-215-2013
2015|PER-18-PB-2015;R-01;2013|PMK-219-2013
2015|PER-18-PB-2015;R-01;2014|PMK-259-2014
2015|PER-18-PB-2015;R-01;2014|PMK-262-2014
2015|PER-18-PB-2015;R-01;2014|PMK-266-2014
2015|PER-18-PB-2015;R-01;2014|PMK-270-2014
2015|PER-18-PB-2015;R-01;2014|PMK-271-2014
2015|PER-18-PB-2015;R-01;2014|PMK-84-2014
2015|PER-18-PB-2015;R-01;2014|PER-42-PB-2014
2015|PER-18-PB-2015;R-02;2014|PER-45-PB-2014
2015|PER-19-PB-2015;R-01;1969|UU-11-1969
2015|PER-19-PB-2015;R-01;2003|UU-17-2003
2015|PER-19-PB-2015;R-01;2004|UU-1-2004
2015|PER-19-PB-2015;R-01;2004|UU-15-2004
2015|PER-19-PB-2015;R-01;2013|PP-45-2013
2015|PER-19-PB-2015;R-01;2007|PMK-128-2007
2015|PER-19-PB-2015;R-01;2010|PMK-105-2010
2015|PER-19-PB-2015;R-01;2012|PMK-190-2012
2015|PER-19-PB-2015;R-01;2012|PMK-248-2012
2015|PER-19-PB-2015;R-01;2014|PMK-222-2014
2015|PER-19-PB-2015;R-01;2015|PMK-82-2015
2009|PMK-88-2009;R-04;2007|PMK-128-2007
2013|PMK-221-2013;R-04;2012|PMK-248-2012
2015|PER-19-PB-2015;R-02;2011|PER-13-PB-2011
2015|PER-19-PB-2015;R-02;2013|PER-34-PB-2013
2015|PER-20-PB-2015;R-01;2003|UU-17-2003
2015|PER-20-PB-2015;R-01;2004|UU-1-2004
2015|PER-20-PB-2015;R-01;2004|UU-15-2004
2015|PER-20-PB-2015;R-01;2014|UU-5-2014
2015|PER-20-PB-2015;R-01;2008|PP-60-2008
2015|PER-20-PB-2015;R-01;2010|PMK-103-2010
2015|PER-20-PB-2015;R-01;2012|PMK-190-2012
2015|PER-20-PB-2015;R-01;2014|PMK-206-2014
2015|PER-20-PB-2015;R-01;2012|KEP-85-PB-2012
2015|PER-20-PB-2015;R-01;2012|KEP-184-PB-2012
2015|PER-20-PB-2015;R-01;2013|KEP-34-PB-2013
2015|PER-20-PB-2015;R-01;2015|KEP-241-PB-2015
2015|PER-21-PB-2015;R-01;2014|PER-32-PB-2014
2015|PER-21-PB-2015;R-04;2014|PER-32-PB-2014
2015|PER-22-PB-2015;R-01;2014|PER-33-PB-2014
2015|PER-23-PB-2015;R-01;2014|PER-33-PB-2014
2015|PER-23-PB-2015;R-04;2014|PER-33-PB-2014
2015|PER-24-PB-2015;R-01;2003|UU-17-2003
2015|PER-24-PB-2015;R-01;2004|UU-1-2004
2015|PER-24-PB-2015;R-01;2004|UU-15-2004
2015|PER-24-PB-2015;R-01;2013|PP-45-2013
2015|PER-24-PB-2015;R-01;2013|PMK-67-2013
2015|PER-24-PB-2015;R-01;2006|PMK-99-2006
2015|PER-24-PB-2015;R-01;2010|PMK-76-2010
2015|PER-24-PB-2015;R-01;2011|PMK-92-2011
2015|PER-24-PB-2015;R-01;2012|PMK-190-2012
2015|PER-24-PB-2015;R-01;2013|PMK-10-2013
2015|PER-24-PB-2015;R-01;2013|PMK-163-2013
2015|PER-24-PB-2015;R-01;2013|PMK-213-2013
2015|PER-24-PB-2015;R-01;2013|PMK-214-2013
2015|PER-24-PB-2015;R-01;2014|PMK-32-2014
2015|PER-24-PB-2015;R-01;2013|PMK-154-2013
2015|PER-24-PB-2015;R-01;2014|PMK-84-2014
2015|PER-24-PB-2015;R-01;2006|PER-78-PB-2006
2015|PER-24-PB-2015;R-01;2011|PER-30-PB-2011
2015|PER-24-PB-2015;R-01;2011|PER-74-PB-2011
2015|PER-24-PB-2015;R-01;2012|PER-13-PB-2012
2015|PER-24-PB-2015;R-01;2013|PER-2-PB-2013
2007|PMK-37-2007;R-04;2015|PER-24-PB-2015
2011|PMK-18-2011;R-04;2015|PER-24-PB-2015
2014|PMK-278-2014;R-04;2015|PER-24-PB-2015
2013|PER-39-PB-2013;R-04;2015|PER-24-PB-2015
2015|PER-2-PB-2015;R-04;2015|PER-24-PB-2015
2012|PER-33-PB-2012;R-04;2015|PER-24-PB-2015
2015|PER-25-PB-2015;R-01;2003|UU-17-2003
2015|PER-25-PB-2015;R-01;2004|UU-1-2004
2015|PER-25-PB-2015;R-01;2004|UU-15-2004
2015|PER-25-PB-2015;R-01;2015|PERPRES-113-2015
2015|PER-25-PB-2015;R-01;2012|PMK-190-2012
2015|PER-25-PB-2015;R-03;2013|PER-53-PB-2013
2015|PER-26-PB-2015;R-01;2003|UU-17-2003
2015|PER-26-PB-2015;R-01;2004|UU-1-2004
2015|PER-26-PB-2015;R-01;2004|UU-15-2004
2015|PER-26-PB-2015;R-01;2006|PP-8-2006
2015|PER-26-PB-2015;R-01;2010|PP-71-2010
2015|PER-26-PB-2015;R-01;2013|PP-45-2013
2015|PER-26-PB-2015;R-01;2011|PMK-238-2011
2015|PER-26-PB-2015;R-01;2013|PMK-213-2013
2015|PER-26-PB-2015;R-01;2013|PMK-214-2013
2015|PER-26-PB-2015;R-01;2013|PMK-215-2013
2015|PER-26-PB-2015;R-01;2014|PMK-270-2014
2015|PER-26-PB-2015;R-01;2015|PMK-177-2015
2015|PER-26-PB-2015;R-01;2014|PMK-206-2014
2015|PER-26-PB-2015;R-02;2007|PER-05-PB-2007
2015|PER-27-PB-2015;R-01;2003|UU-17-2003
2015|PER-27-PB-2015;R-01;2004|UU-1-2004
2015|PER-27-PB-2015;R-01;2004|UU-15-2004
2015|PER-27-PB-2015;R-01;2015|PERPRES-133-2015
2015|PER-27-PB-2015;R-01;2012|PMK-190-2012
2015|PER-27-PB-2015;R-03;2013|PER-53-PB-2013
2015|PER-28-PB-2015;R-01;2003|UU-17-2003
2015|PER-28-PB-2015;R-01;2004|UU-1-2004
2015|PER-28-PB-2015;R-01;2004|UU-15-2004
2015|PER-28-PB-2015;R-01;2015|PERPRES-129-2015
2015|PER-28-PB-2015;R-01;2012|PMK-190-2012
2015|PER-28-PB-2015;R-03;2012|PER-52-PB-2012
2015|PER-29-PB-2015;R-01;2003|UU-17-2003
2015|PER-29-PB-2015;R-01;2004|UU-1-2004
2015|PER-29-PB-2015;R-01;2004|UU-15-2004
2015|PER-29-PB-2015;R-01;2015|PERPRES-122-2015
2015|PER-29-PB-2015;R-01;2012|PMK-190-2012
2015|PER-29-PB-2015;R-03;2012|PER-52-PB-2012
2015|PER-30-PB-2015;R-01;2015|PMK-146-2015
2015|PER-31-PB-2015;R-01;2003|UU-17-2003
2015|PER-31-PB-2015;R-01;2004|UU-1-2004
2015|PER-31-PB-2015;R-01;2004|UU-15-2004
2015|PER-31-PB-2015;R-01;2015|PERPRES-128-2015
2015|PER-31-PB-2015;R-01;2012|PMK-190-2012
2015|PER-31-PB-2015;R-03;2013|PER-53-PB-2013
2015|PER-32-PB-2015;R-01;2003|UU-17-2003
2015|PER-32-PB-2015;R-01;2004|UU-1-2004
2015|PER-32-PB-2015;R-01;2004|UU-15-2004
2015|PER-32-PB-2015;R-01;2015|PERPRES-121-2015
2015|PER-32-PB-2015;R-01;2012|PMK-190-2012
2015|PER-32-PB-2015;R-03;2012|PER-52-PB-2012
2015|PER-33-PB-2015;R-01;2003|UU-17-2003
2015|PER-33-PB-2015;R-01;2004|UU-1-2004
2015|PER-33-PB-2015;R-01;2004|UU-15-2004
2015|PER-33-PB-2015;R-01;2015|PERPRES-130-2015
2015|PER-33-PB-2015;R-01;2012|PMK-190-2012
2015|PER-33-PB-2015;R-03;2012|PER-52-PB-2012
2015|PER-34-PB-2015;R-01;2003|UU-17-2003
2015|PER-34-PB-2015;R-01;2004|UU-1-2004
2015|PER-34-PB-2015;R-01;2004|UU-15-2004
2015|PER-34-PB-2015;R-01;2015|PERPRES-135-2015
2015|PER-34-PB-2015;R-01;2012|PMK-190-2012
2015|PER-34-PB-2015;R-03;2013|PER-53-PB-2013
2015|PER-35-PB-2015;R-01;2003|UU-17-2003
2015|PER-35-PB-2015;R-01;2004|UU-1-2004
2015|PER-35-PB-2015;R-01;2004|UU-15-2004
2015|PER-35-PB-2015;R-01;2015|PERPRES-136-2015
2015|PER-35-PB-2015;R-01;2012|PMK-190-2012
2015|PER-35-PB-2015;R-03;2013|PER-53-PB-2013
2015|PER-36-PB-2015;R-01;2007|PP-39-2007
2015|PER-36-PB-2015;R-01;2010|PMK-03-2010
2015|PER-36-PB-2015;R-01;2014|PMK-3-2014
2015|PER-37-PB-2015;R-01;2003|UU-17-2003
2015|PER-37-PB-2015;R-01;2004|UU-1-2004
2015|PER-37-PB-2015;R-01;2007|PP-39-2007
2015|PER-37-PB-2015;R-01;2014|PMK-252-2014
2015|PER-37-PB-2015;R-01;2014|KMK-36-2014
2015|PER-38-PB-2015;R-01;2003|UU-17-2003
2015|PER-38-PB-2015;R-01;2004|UU-1-2004
2015|PER-38-PB-2015;R-01;2004|UU-15-2004
2015|PER-38-PB-2015;R-01;2015|PERPRES-123-2015
2015|PER-38-PB-2015;R-01;2012|PMK-190-2012
2015|PER-38-PB-2015;R-03;2012|PER-52-PB-2012
2015|PER-39-PB-2015;R-01;2003|UU-17-2003
2015|PER-39-PB-2015;R-01;2004|UU-1-2004
2015|PER-39-PB-2015;R-01;2004|UU-15-2004
2015|PER-39-PB-2015;R-01;2013|PP-45-2013
2015|PER-39-PB-2015;R-01;2007|PMK-218-2007
2015|PER-39-PB-2015;R-01;2009|PMK-196-2009
2015|PER-39-PB-2015;R-01;2011|PMK-43-2011
2015|PER-39-PB-2015;R-01;2012|PMK-190-2012
2015|PER-39-PB-2015;R-01;2015|PMK-160-2015
2015|PER-40-PB-2015;R-01;2003|UU-17-2003
2015|PER-40-PB-2015;R-01;2004|UU-1-2004
2015|PER-40-PB-2015;R-01;2004|UU-15-2004
2015|PER-40-PB-2015;R-01;2007|PP-39-2007
2015|PER-40-PB-2015;R-01;2010|PP-71-2010
2015|PER-40-PB-2015;R-01;2010|PMK-206-2010
2015|PER-41-PB-2015;R-01;2003|UU-17-2003
2015|PER-41-PB-2015;R-01;2004|UU-1-2004
2015|PER-41-PB-2015;R-01;2004|UU-15-2004
2015|PER-41-PB-2015;R-01;2015|PERPRES-151-2015
2015|PER-41-PB-2015;R-01;2012|PMK-190-2012
2015|PER-41-PB-2015;R-03;2013|PER-53-PB-2013
2015|PER-42-PB-2015;R-01;2003|UU-17-2003
2015|PER-42-PB-2015;R-01;2004|UU-1-2004
2015|PER-42-PB-2015;R-01;2004|UU-15-2004
2015|PER-42-PB-2015;R-01;2015|PERPRES-149-2015
2015|PER-42-PB-2015;R-01;2012|PMK-190-2012
2015|PER-42-PB-2015;R-03;2013|PER-53-PB-2013
2015|PER-43-PB-2015;R-01;2013|PMK-213-2013
2015|PER-43-PB-2015;R-01;2013|PMK-214-2013
2015|PER-43-PB-2015;R-01;2013|PMK-215-2013
2015|PER-43-PB-2015;R-01;2013|PMK-219-2013
2015|PER-43-PB-2015;R-01;2014|PMK-69-2014
2015|PER-43-PB-2015;R-01;2014|PMK-270-2014
2015|PER-43-PB-2015;R-01;2015|PMK-177-2015
2015|PER-43-PB-2015;R-02;2011|PER-82-PB-2011
2015|PER-44-PB-2015;R-01;2003|UU-17-2003
2015|PER-44-PB-2015;R-01;2004|UU-1-2004
2015|PER-44-PB-2015;R-01;2004|UU-15-2004
2015|PER-44-PB-2015;R-01;2007|PP-39-2007
2015|PER-44-PB-2015;R-01;2013|PP-45-2013
2015|PER-44-PB-2015;R-01;2014|PMK-154-2014
2015|PER-44-PB-2015;R-01;2011|PER-74-PB-2011
2015|PER-44-PB-2015;R-01;2014|PER-30-PB-2014
2015|PER-45-PB-2015;R-01;2013|PMK-213-2013
2015|PER-45-PB-2015;R-01;2013|PMK-214-2013
2015|PER-45-PB-2015;R-01;2013|PMK-215-2013
2015|PER-45-PB-2015;R-01;2014|KEP-311-PB-2014
2015|PER-45-PB-2015;R-01;2015|KEP-157-PB-2015
2015|KEP-431-PB-2015;R-04;2015|KEP-157-PB-2015
2015|PER-45-PB-2015;R-02;2005|PER-1-PB-2005
2014|PER-1-PB-2014;R-01;1974|UU-8-1974
2014|PER-1-PB-2014;R-01;1999|UU-45-1999
2014|PER-1-PB-2014;R-01;2002|UU-25-2002
2014|PER-1-PB-2014;R-01;2003|UU-17-2003
2014|PER-1-PB-2014;R-01;2004|UU-1-2004
2014|PER-1-PB-2014;R-01;2004|UU-15-2004
2014|PER-1-PB-2014;R-01;2004|UU-26-2004
2014|PER-1-PB-2014;R-01;2008|PP-60-2008
2014|PER-1-PB-2014;R-01;2007|PMK-171-2007
2014|PER-1-PB-2014;R-01;2010|PMK-103-2010
2014|PER-1-PB-2014;R-01;2010|PMK-184-2010
2014|PER-1-PB-2014;R-01;2012|PMK-169-2012
2014|PER-1-PB-2014;R-01;2012|PMK-190-2012
2014|PER-1-PB-2014;R-01;2010|KMK-12-2010
2014|PER-1-PB-2014;R-01;2010|KMK-275-2010
2014|PER-1-PB-2014;R-01;2013|KMK-5-2013
2014|PER-1-PB-2014;R-01;2013|KMK-6-2013
2014|PER-1-PB-2014;R-01;2013|PER-26-PB-2013
2014|PER-1-PB-2014;R-01;2013|PER-30-PB-2013
2014|PER-1-PB-2014;R-01;2013|PER-41-PB-2013
2014|PER-1-PB-2014;R-01;2010|KEP-185-PB-2010
2014|PER-1-PB-2014;R-01;2012|KEP-107-PB-2012
2014|PER-1-PB-2014;R-01;2012|KEP-184-PB-2012
2014|PER-1-PB-2014;R-01;2012|KEP-231-PB-2012
2014|PER-1-PB-2014;R-01;2013|KEP-26-PB-2013
2014|PER-1-PB-2014;R-01;2013|KEP-34-PB-2013
2011|PMK-233-2011;R-04;2007|PMK-171-2007
2011|KEP-163-PB-2011;R-04;2010|KEP-185-PB-2010
2014|PER-2-PB-2014;R-01;2013|PERPRES-12-2013
2014|PER-2-PB-2014;R-01;2011|PER-72-PB-2011
2013|PERPRES-111-2013;R-04;2013|PERPRES-12-2013
2012|PER-26-PB-2012;R-04;2011|PER-72-PB-2011
2014|PER-2-PB-2014;R-04;2011|PER-72-PB-2011
2014|PER-3-PB-2014;R-01;2004|UU-1-2004
2014|PER-3-PB-2014;R-01;2006|PP-8-2006
2014|PER-3-PB-2014;R-01;2013|PP-45-2013
2014|PER-3-PB-2014;R-01;2013|PMK-162-2013
2014|PER-3-PB-2014;R-02;2009|PER-47-PB-2009
2014|PER-4-PB-2014;R-01;2013|PER-45-PB-2013
2014|PER-4-PB-2014;R-04;2013|PER-45-PB-2013
2014|PER-5-PB-2014;R-01;2003|UU-17-2003
2014|PER-5-PB-2014;R-01;2004|UU-1-2004
2014|PER-5-PB-2014;R-01;2004|UU-15-2004
2014|PER-5-PB-2014;R-01;1995|PP-42-1995
2014|PER-5-PB-2014;R-01;2011|PP-10-2011
2014|PER-5-PB-2014;R-01;2010|PERPRES-54-2010
2014|PER-5-PB-2014;R-01;2010|PMK-184-2010
2014|PER-5-PB-2014;R-01;2011|PMK-151-2011
2014|PER-5-PB-2014;R-01;2012|PMK-169-2012
2014|PER-5-PB-2014;R-01;2012|PMK-190-2012
2014|PER-5-PB-2014;R-01;2012|PER-56-PB-2012
2014|PER-6-PB-2014;R-01;2003|UU-17-2003
2014|PER-6-PB-2014;R-01;2004|UU-1-2004
2014|PER-6-PB-2014;R-01;2013|UU-23-2013
2014|PER-6-PB-2014;R-01;2004|PP-20-2004
2014|PER-6-PB-2014;R-01;2005|PP-23-2005
2014|PER-6-PB-2014;R-01;2010|PP-90-2010
2014|PER-6-PB-2014;R-01;2013|PMK-94-2013
2014|PER-6-PB-2014;R-01;2013|PMK-171-2013
2014|PER-6-PB-2014;R-01;2011|PMK-191-2011
2014|PER-6-PB-2014;R-01;2011|PMK-92-2011
2014|PER-6-PB-2014;R-01;2012|PMK-25-2012
2013|PMK-194-2013;R-04;2013|PMK-94-2013
2014|PER-6-PB-2014;R-02;2013|PER-12-PB-2013
2014|PER-7-PB-2014;R-01;2003|UU-17-2003
2014|PER-7-PB-2014;R-01;2004|UU-1-2004
2014|PER-7-PB-2014;R-01;2004|UU-15-2004
2014|PER-7-PB-2014;R-01;2013|PP-45-2013
2014|PER-7-PB-2014;R-01;2006|PMK-99-2006
2014|PER-7-PB-2014;R-01;2010|PMK-249-2010
2014|PER-7-PB-2014;R-01;2011|PMK-60-2011
2014|PER-7-PB-2014;R-01;2013|PMK-154-2013
2014|PER-7-PB-2014;R-01;2006|PER-78-PB-2006
2014|PER-7-PB-2014;R-01;2013|PER-14-PB-2013
2014|PER-8-PB-2014;R-01;2003|UU-17-2003
2014|PER-8-PB-2014;R-01;2004|UU-1-2004
2014|PER-8-PB-2014;R-01;2004|UU-15-2004
2014|PER-8-PB-2014;R-01;1995|PP-42-1995
2014|PER-8-PB-2014;R-01;2011|PP-10-2011
2014|PER-8-PB-2014;R-01;2013|PP-45-2013
2014|PER-8-PB-2014;R-01;2010|PERPRES-54-2010
2014|PER-8-PB-2014;R-01;2010|PMK-184-2010
2014|PER-8-PB-2014;R-01;2011|PMK-151-2011
2014|PER-8-PB-2014;R-01;2012|PMK-190-2012
2014|PER-8-PB-2014;R-01;2012|PER-56-PB-2012
2014|PER-9-PB-2014;R-01;2011|PMK-214-2011
2014|PER-9-PB-2014;R-01;2011|PMK-246-2011
2014|PER-9-PB-2014;R-01;2011|KMK-357-2011
2014|PER-9-PB-2014;R-01;2011|KMK-454-2011
2014|PER-9-PB-2014;R-01;2012|KEP-30-PB-2012
2013|PMK-80-2013;R-04;2011|PMK-246-2011
2013|KMK-453-2013;R-04;2011|KMK-357-2011
2014|PER-10-PB-2014;R-01;1974|UU-8-1974
2014|PER-10-PB-2014;R-01;2003|UU-17-2003
2014|PER-10-PB-2014;R-01;2004|UU-1-2004
2014|PER-10-PB-2014;R-01;2004|UU-15-2004
2014|PER-10-PB-2014;R-01;2008|PP-60-2008
2014|PER-10-PB-2014;R-01;2010|PMK-184-2010
2014|PER-10-PB-2014;R-01;2014|KMK-36-2014
1999|UU-43-1999;R-04;1974|UU-8-1974
2014|PER-11-PB-2014;R-01;2010|PP-71-2010
2014|PER-11-PB-2014;R-01;2011|PP-10-2011
2014|PER-11-PB-2014;R-01;2009|PMK-216-2009
2014|PER-11-PB-2014;R-01;2010|PMK-184-2010
2014|PER-11-PB-2014;R-01;2011|PMK-151-2011
2014|PER-11-PB-2014;R-01;2011|PMK-230-2011
2014|PER-11-PB-2014;R-01;2013|PMK-218-2013
2014|PER-11-PB-2014;R-04;2010|PER-10-PB-2010
2014|PER-12-PB-2014;R-01;2003|UU-17-2003
2014|PER-12-PB-2014;R-01;2004|UU-1-2004
2014|PER-12-PB-2014;R-01;2004|UU-15-2004
2014|PER-12-PB-2014;R-01;1995|PP-42-1995
2014|PER-12-PB-2014;R-01;2011|PP-10-2011
2014|PER-12-PB-2014;R-01;2013|PP-45-2013
2014|PER-12-PB-2014;R-01;2010|PERPRES-54-2010
2014|PER-12-PB-2014;R-01;2010|PMK-184-2010
2014|PER-12-PB-2014;R-01;2011|PMK-151-2011
2014|PER-12-PB-2014;R-01;2012|PMK-190-2012
2014|PER-12-PB-2014;R-01;2012|PER-56-PB-2012
2014|PER-13-PB-2014;R-01;2003|UU-17-2003
2014|PER-13-PB-2014;R-01;2004|UU-1-2004
2014|PER-13-PB-2014;R-01;2004|UU-15-2004
2014|PER-13-PB-2014;R-01;2013|PP-45-2013
2014|PER-13-PB-2014;R-01;2013|PMK-154-2013
2014|PMK-22-2014;R-04;2013|PMK-154-2013
2014|PER-14-PB-2014;R-01;2003|UU-17-2003
2014|PER-14-PB-2014;R-01;2004|UU-1-2004
2014|PER-14-PB-2014;R-01;2004|UU-15-2004
2014|PER-14-PB-2014;R-01;1995|PP-42-1995
2014|PER-14-PB-2014;R-01;2011|PP-10-2011
2014|PER-14-PB-2014;R-01;2013|PP-45-2013
2014|PER-14-PB-2014;R-01;2010|PERPRES-54-2010
2014|PER-14-PB-2014;R-01;2010|PMK-184-2010
2014|PER-14-PB-2014;R-01;2011|PMK-151-2011
2014|PER-14-PB-2014;R-01;2012|PMK-190-2012
2014|PER-14-PB-2014;R-01;2012|PER-56-PB-2012
2014|PER-15-PB-2014;R-01;2003|UU-17-2003
2014|PER-15-PB-2014;R-01;2004|UU-1-2004
2014|PER-15-PB-2014;R-01;2004|UU-15-2004
2014|PER-15-PB-2014;R-01;1995|PP-42-1995
2014|PER-15-PB-2014;R-01;2011|PP-10-2011
2014|PER-15-PB-2014;R-01;2013|PP-45-2013
2014|PER-15-PB-2014;R-01;2010|PERPRES-54-2010
2014|PER-15-PB-2014;R-01;2010|PMK-184-2010
2014|PER-15-PB-2014;R-01;2011|PMK-151-2011
2014|PER-15-PB-2014;R-01;2012|PMK-190-2012
2014|PER-15-PB-2014;R-01;2012|PER-56-PB-2012
2014|PER-16-PB-2014;R-01;2003|UU-17-2003
2014|PER-16-PB-2014;R-01;2004|UU-1-2004
2014|PER-16-PB-2014;R-01;2004|UU-15-2004
2014|PER-16-PB-2014;R-01;2013|PP-45-2013
2014|PER-16-PB-2014;R-01;2013|PMK-154-2013
2014|PER-17-PB-2014;R-01;2003|UU-17-2003
2014|PER-17-PB-2014;R-01;2004|UU-1-2004
2014|PER-17-PB-2014;R-01;2004|UU-15-2004
2014|PER-17-PB-2014;R-01;1995|PP-42-1995
2014|PER-17-PB-2014;R-01;2011|PP-10-2011
2014|PER-17-PB-2014;R-01;2013|PP-45-2013
2014|PER-17-PB-2014;R-01;2010|PERPRES-54-2010
2014|PER-17-PB-2014;R-01;2010|PMK-184-2010
2014|PER-17-PB-2014;R-01;2011|PMK-151-2011
2014|PER-17-PB-2014;R-01;2012|PMK-169-2012
2014|PER-17-PB-2014;R-01;2012|PMK-190-2012
2014|PER-17-PB-2014;R-01;2012|PER-56-PB-2012
2014|PER-18-PB-2014;R-01;2003|UU-17-2003
2014|PER-18-PB-2014;R-01;2004|UU-1-2004
2014|PER-18-PB-2014;R-01;2004|UU-15-2004
2014|PER-18-PB-2014;R-01;1995|PP-42-1995
2014|PER-18-PB-2014;R-01;2011|PP-10-2011
2014|PER-18-PB-2014;R-01;2013|PP-45-2013
2014|PER-18-PB-2014;R-01;2010|PERPRES-54-2010
2014|PER-18-PB-2014;R-01;2010|PMK-184-2010
2014|PER-18-PB-2014;R-01;2011|PMK-151-2011
2014|PER-18-PB-2014;R-01;2012|PMK-190-2012
2014|PER-18-PB-2014;R-01;2012|PER-56-PB-2012
2014|PER-19-PB-2014;R-01;2003|UU-17-2003
2014|PER-19-PB-2014;R-01;2004|UU-1-2004
2014|PER-19-PB-2014;R-01;2004|UU-15-2004
2014|PER-19-PB-2014;R-01;1995|PP-42-1995
2014|PER-19-PB-2014;R-01;2011|PP-10-2011
2014|PER-19-PB-2014;R-01;2013|PP-45-2013
2014|PER-19-PB-2014;R-01;2010|PERPRES-54-2010
2014|PER-19-PB-2014;R-01;2010|PMK-184-2010
2014|PER-19-PB-2014;R-01;2011|PMK-151-2011
2014|PER-19-PB-2014;R-01;2012|PMK-188-2012
2014|PER-19-PB-2014;R-01;2012|PMK-190-2012
2014|PER-19-PB-2014;R-01;2012|PER-56-PB-2012
2014|PER-20-PB-2014;R-01;2011|PMK-151-2011
2014|PER-20-PB-2014;R-01;2012|PMK-190-2012
2014|PER-20-PB-2014;R-01;2012|PER-56-PB-2012
2014|PER-20-PB-2014;R-01;2013|PER-23-PB-2013
2014|PER-20-PB-2014;R-04;2013|PER-23-PB-2013
2014|PER-21-PB-2014;R-01;2013|PMK-154-2013
2014|PER-22-PB-2014;R-01;2003|UU-17-2003
2014|PER-22-PB-2014;R-01;2004|UU-1-2004
2014|PER-22-PB-2014;R-01;2004|UU-15-2004
2014|PER-22-PB-2014;R-01;2007|PP-39-2007
2014|PER-22-PB-2014;R-01;2013|PP-45-2013
2014|PER-22-PB-2014;R-01;2010|PP-71-2010
2014|PER-22-PB-2014;R-01;2007|PMK-218-2007
2014|PER-22-PB-2014;R-01;2010|PMK-184-2010
2014|PER-22-PB-2014;R-01;2010|PMK-206-2010
2014|PER-22-PB-2014;R-01;2013|PMK-14-2013
2014|PER-22-PB-2014;R-01;2013|PMK-213-2013
2014|PER-22-PB-2014;R-01;2008|PER-06-PB-2008
2014|PER-22-PB-2014;R-01;2010|PER-18-PB-2010
2014|PER-22-PB-2014;R-02;2011|PER-56-PB-2011
2014|PER-23-PB-2014;R-01;2003|UU-17-2003
2014|PER-23-PB-2014;R-01;2004|UU-1-2004
2014|PER-23-PB-2014;R-01;2004|UU-15-2004
2014|PER-23-PB-2014;R-01;1995|PP-42-1995
2014|PER-23-PB-2014;R-01;2011|PP-10-2011
2014|PER-23-PB-2014;R-01;2013|PP-45-2013
2014|PER-23-PB-2014;R-01;2010|PERPRES-54-2010
2014|PER-23-PB-2014;R-01;2010|PMK-184-2010
2014|PER-23-PB-2014;R-01;2011|PMK-151-2011
2014|PER-23-PB-2014;R-01;2012|PMK-190-2012
2014|PER-23-PB-2014;R-01;2012|PER-56-PB-2012
2014|PER-24-PB-2014;R-01;2003|UU-17-2003
2014|PER-24-PB-2014;R-01;2004|UU-1-2004
2014|PER-24-PB-2014;R-01;2004|UU-15-2004
2014|PER-24-PB-2014;R-01;1995|PP-42-1995
2014|PER-24-PB-2014;R-01;2011|PP-10-2011
2014|PER-24-PB-2014;R-01;2013|PP-45-2013
2014|PER-24-PB-2014;R-01;2010|PERPRES-54-2010
2014|PER-24-PB-2014;R-01;2010|PMK-184-2010
2014|PER-24-PB-2014;R-01;2011|PMK-151-2011
2014|PER-24-PB-2014;R-01;2012|PMK-190-2012
2014|PER-24-PB-2014;R-01;2012|PER-56-PB-2012
2014|PER-25-PB-2014;R-01;2003|UU-17-2003
2014|PER-25-PB-2014;R-01;2004|UU-1-2004
2014|PER-25-PB-2014;R-01;2004|UU-15-2004
2014|PER-25-PB-2014;R-01;1995|PP-42-1995
2014|PER-25-PB-2014;R-01;2011|PP-10-2011
2014|PER-25-PB-2014;R-01;2013|PP-45-2013
2014|PER-25-PB-2014;R-01;2010|PERPRES-54-2010
2014|PER-25-PB-2014;R-01;2010|PMK-184-2010
2014|PER-25-PB-2014;R-01;2011|PMK-151-2011
2014|PER-25-PB-2014;R-01;2012|PMK-190-2012
2014|PER-25-PB-2014;R-01;2012|PER-56-PB-2012
2014|PER-26-PB-2014;R-01;2003|UU-17-2003
2014|PER-26-PB-2014;R-01;2004|UU-1-2004
2014|PER-26-PB-2014;R-01;2004|UU-15-2004
2014|PER-26-PB-2014;R-01;2013|PP-45-2013
2014|PER-26-PB-2014;R-01;2007|PMK-171-2007
2014|PER-26-PB-2014;R-01;2012|PMK-250-2012
2014|PER-26-PB-2014;R-01;2014|PMK-154-2014
2014|PER-27-PB-2014;R-01;2003|UU-17-2003
2014|PER-27-PB-2014;R-01;2004|UU-1-2004
2014|PER-27-PB-2014;R-01;2004|UU-15-2004
2014|PER-27-PB-2014;R-01;2007|PP-39-2007
2014|PER-27-PB-2014;R-01;2013|PP-45-2013
2014|PER-27-PB-2014;R-01;2006|PMK-99-2006
2014|PER-27-PB-2014;R-01;2010|PMK-32-2010
2014|PER-27-PB-2014;R-01;2010|PMK-184-2010
2014|PER-27-PB-2014;R-01;2010|PMK-169-2010
2014|PER-27-PB-2014;R-01;2012|PMK-190-2012
2014|PER-27-PB-2014;R-01;2014|PMK-07-2014
2014|PER-27-PB-2014;R-01;2014|PMK-32-2014
2014|PER-27-PB-2014;R-01;2010|KMK-63-2010
2014|PER-27-PB-2014;R-01;2013|KMK-5-2013
2014|PER-27-PB-2014;R-01;2013|KMK-6-2013
2014|PER-28-PB-2014;R-01;2003|UU-17-2003
2014|PER-28-PB-2014;R-01;2004|UU-1-2004
2014|PER-28-PB-2014;R-01;2004|UU-15-2004
2014|PER-28-PB-2014;R-01;1995|PP-42-1995
2014|PER-28-PB-2014;R-01;2011|PP-10-2011
2014|PER-28-PB-2014;R-01;2013|PP-45-2013
2014|PER-28-PB-2014;R-01;2010|PERPRES-54-2010
2014|PER-28-PB-2014;R-01;2010|PMK-184-2010
2014|PER-28-PB-2014;R-01;2011|PMK-151-2011
2014|PER-28-PB-2014;R-01;2012|PMK-188-2012
2014|PER-28-PB-2014;R-01;2012|PMK-190-2012
2014|PER-28-PB-2014;R-01;2014|PMK-154-2014
2014|PER-28-PB-2014;R-01;2012|PER-56-PB-2012
2014|PER-29-PB-2014;R-01;2003|UU-17-2003
2014|PER-29-PB-2014;R-01;2004|UU-1-2004
2014|PER-29-PB-2014;R-01;2004|UU-15-2004
2014|PER-29-PB-2014;R-01;2014|UU-5-2014
2014|PER-29-PB-2014;R-01;2008|PP-60-2008
2014|PER-29-PB-2014;R-01;2010|PMK-69-2010
2014|PER-29-PB-2014;R-01;2010|PMK-103-2010
2014|PER-29-PB-2014;R-01;2010|PMK-184-2010
2014|PER-29-PB-2014;R-01;2012|PMK-169-2012
2014|PER-29-PB-2014;R-01;2012|PMK-190-2012
2014|PER-29-PB-2014;R-01;2013|PMK-14-2013
2014|PER-29-PB-2014;R-01;2014|PMK-32-2014
2014|PER-29-PB-2014;R-01;2010|KMK-63-2010
2014|PER-29-PB-2014;R-01;2010|KMK-12-2010
2014|PER-29-PB-2014;R-01;2010|KMK-275-2010
2014|PER-29-PB-2014;R-01;2013|KMK-248-2013
2014|PER-29-PB-2014;R-01;2007|PER-65-PB-2007
2014|PER-29-PB-2014;R-01;2010|PER-32-PB-2010
2014|PER-29-PB-2014;R-01;2011|PER-69-PB-2011
2014|PER-29-PB-2014;R-01;2013|PER-3-PB-2013
2014|PER-29-PB-2014;R-01;2010|KEP-185-PB-2010
2014|PER-29-PB-2014;R-01;2012|KEP-85-PB-2012
2014|PER-29-PB-2014;R-01;2012|KEP-107-PB-2012
2014|PER-29-PB-2014;R-01;2012|KEP-184-PB-2012
2014|PER-29-PB-2014;R-01;2013|KEP-34-PB-2013
2011|PMK-454-2011;R-04;2010|KMK-12-2010
2012|PMK-151-2012;R-04;2010|KMK-275-2010
2014|PER-30-PB-2014;R-01;2003|UU-17-2003
2014|PER-30-PB-2014;R-01;2004|UU-1-2004
2014|PER-30-PB-2014;R-01;2004|UU-15-2004
2014|PER-30-PB-2014;R-01;2013|PP-45-2013
2014|PER-30-PB-2014;R-01;2014|PMK-154-2014
2014|PER-31-PB-2014;R-01;2003|UU-17-2003
2014|PER-31-PB-2014;R-01;2004|UU-1-2004
2014|PER-31-PB-2014;R-01;2004|UU-15-2004
2014|PER-31-PB-2014;R-01;2007|PP-39-2007
2014|PER-31-PB-2014;R-01;2007|PMK-98-2007
2014|PER-31-PB-2014;R-01;2010|PMK-184-2010
2014|PER-31-PB-2014;R-01;2012|PMK-169-2012
2014|PER-31-PB-2014;R-01;2012|PMK-190-2012
2014|PER-31-PB-2014;R-01;2013|PMK-14-2013
2014|PER-31-PB-2014;R-01;2013|PER-13-PB-2013
2014|PER-31-PB-2014;R-01;2011|PER-74-PB-2011
2014|PER-32-PB-2014;R-01;2005|PP-23-2005
2014|PER-32-PB-2014;R-01;2008|PMK-76-2008
2014|PER-32-PB-2014;R-01;2011|PER-83-PB-2011
2014|PER-33-PB-2014;R-01;2005|PP-23-2005
2014|PER-33-PB-2014;R-01;2008|PMK-76-2008
2014|PER-33-PB-2014;R-01;2011|PER-83-PB-2011
2014|PER-34-PB-2014;R-01;2005|PP-23-2005
2014|PER-34-PB-2014;R-01;2008|PMK-76-2008
2014|PER-34-PB-2014;R-01;2011|PER-83-PB-2011
2014|PER-35-PB-2014;R-01;2003|UU-17-2003
2014|PER-35-PB-2014;R-01;2004|UU-1-2004
2014|PER-35-PB-2014;R-01;2004|UU-15-2004
2014|PER-35-PB-2014;R-01;2006|PMK-99-2006
2014|PER-35-PB-2014;R-01;2010|PMK-32-2010
2014|PER-35-PB-2014;R-01;2014|PMK-32-2014
2014|PER-35-PB-2014;R-01;2006|PER-78-PB-2006
2014|PER-35-PB-2014;R-01;2010|PER-32-PB-2010
2014|PER-36-PB-2014;R-01;2003|UU-17-2003
2014|PER-36-PB-2014;R-01;2004|UU-1-2004
2014|PER-36-PB-2014;R-01;2004|UU-15-2004
2014|PER-36-PB-2014;R-01;1995|PP-42-1995
2014|PER-36-PB-2014;R-01;2011|PP-10-2011
2014|PER-36-PB-2014;R-01;2013|PP-45-2013
2014|PER-36-PB-2014;R-01;2010|PERPRES-54-2010
2014|PER-36-PB-2014;R-01;2010|PMK-184-2010
2014|PER-36-PB-2014;R-01;2011|PMK-151-2011
2014|PER-36-PB-2014;R-01;2012|PMK-169-2012
2014|PER-36-PB-2014;R-01;2012|PMK-190-2012
2014|PER-36-PB-2014;R-01;2012|PER-56-PB-2012
2014|PER-37-PB-2014;R-01;2003|UU-17-2003
2014|PER-37-PB-2014;R-01;2004|UU-1-2004
2014|PER-37-PB-2014;R-01;2004|UU-15-2004
2014|PER-37-PB-2014;R-01;2013|PP-45-2013
2014|PER-37-PB-2014;R-01;2013|PMK-67-2013
2014|PER-37-PB-2014;R-01;2006|PMK-99-2006
2014|PER-37-PB-2014;R-01;2010|PMK-76-2010
2014|PER-37-PB-2014;R-01;2011|PMK-92-2011
2014|PER-37-PB-2014;R-01;2012|PMK-190-2012
2014|PER-37-PB-2014;R-01;2013|PMK-10-2013
2014|PER-37-PB-2014;R-01;2013|PMK-163-2013
2014|PER-37-PB-2014;R-01;2013|PMK-183-2013
2014|PER-37-PB-2014;R-01;2014|PMK-32-2014
2014|PER-37-PB-2014;R-01;2006|PER-78-PB-2006
2014|PER-37-PB-2014;R-01;2011|PER-30-PB-2011
2014|PER-37-PB-2014;R-01;2011|PER-74-PB-2011
2014|PER-37-PB-2014;R-01;2012|PER-13-PB-2012
2014|PER-37-PB-2014;R-01;2013|PER-2-PB-2013
2014|PER-37-PB-2014;R-01;2013|PER-13-PB-2013
2011|PMK-18-2011;R-04;2010|PMK-76-2010
2014|PER-38-PB-2014;R-01;2003|UU-17-2003
2014|PER-38-PB-2014;R-01;2004|UU-1-2004
2014|PER-38-PB-2014;R-01;2004|UU-15-2004
2014|PER-38-PB-2014;R-01;2010|PMK-184-2010
2014|PER-38-PB-2014;R-01;2012|PMK-169-2012
2014|PER-38-PB-2014;R-01;2012|PMK-190-2012
2014|PER-38-PB-2014;R-01;2013|PMK-14-2013
2014|PER-38-PB-2014;R-01;2014|PMK-154-2014
2014|PER-39-PB-2014;R-01;2013|PERPRES-12-2013
2014|PER-39-PB-2014;R-01;2011|PER-72-PB-2011
2014|PER-2-PB-2014;R-04;2011|PER-72-PB-2011
2014|PER-39-PB-2014;R-04;2011|PER-72-PB-2011
2014|PER-40-PB-2014;R-01;1999|UU-23-1999
2014|PER-40-PB-2014;R-01;2003|UU-17-2003
2014|PER-40-PB-2014;R-01;2004|UU-1-2004
2014|PER-40-PB-2014;R-01;2004|UU-15-2004
2014|PER-40-PB-2014;R-01;2007|PP-39-2007
2014|PER-40-PB-2014;R-01;2013|PP-45-2013
2014|PER-40-PB-2014;R-01;2007|PMK-218-2007
2014|PER-40-PB-2014;R-01;2008|PER-06-PB-2008
2004|UU-3-2004;R-04;1999|UU-23-1999
2014|PER-40-PB-2014;R-02;2008|PER-06-PB-2008
2014|PER-41-PB-2014;R-01;2013|PP-45-2013
2014|PER-41-PB-2014;R-01;2014|PMK-154-2014
2014|PER-41-PB-2014;R-01;2009|KMK-512-2009
2014|PER-42-PB-2014;R-01;2003|UU-17-2003
2014|PER-42-PB-2014;R-01;2004|UU-1-2004
2014|PER-42-PB-2014;R-01;2004|UU-15-2004
2014|PER-42-PB-2014;R-01;2005|PP-23-2005
2014|PER-42-PB-2014;R-01;2006|PP-8-2006
2014|PER-42-PB-2014;R-01;2008|PP-7-2008
2014|PER-42-PB-2014;R-01;2010|PP-71-2010
2014|PER-42-PB-2014;R-01;2008|PMK-76-2008
2014|PER-42-PB-2014;R-01;2008|PMK-156-2008
2014|PER-42-PB-2014;R-01;2013|PMK-1-2013
2014|PER-42-PB-2014;R-01;2013|KMK-59-2013
2014|PER-42-PB-2014;R-01;2013|PMK-213-2013
2014|PER-42-PB-2014;R-01;2013|PMK-214-2013
2014|PER-42-PB-2014;R-01;2013|PMK-219-2013
2014|PER-42-PB-2014;R-01;2014|PMK-69-2014
2010|PMK-248-2010;R-04;2008|PMK-156-2008
2013|PMK-90-2013;R-04;2013|PMK-1-2013
2014|PER-42-PB-2014;R-02;2013|PER-57-PB-2013
2014|PER-43-PB-2014;R-01;2003|UU-17-2003
2014|PER-43-PB-2014;R-01;2004|UU-1-2004
2014|PER-43-PB-2014;R-01;2004|UU-15-2004
2014|PER-43-PB-2014;R-01;2013|PP-45-2013
2014|PER-43-PB-2014;R-01;2006|PMK-99-2006
2014|PER-43-PB-2014;R-01;2010|PMK-249-2010
2014|PER-43-PB-2014;R-01;2011|PMK-60-2011
2014|PER-43-PB-2014;R-01;2010|PMK-184-2010
2014|PER-43-PB-2014;R-01;2014|PMK-32-2014
2014|PER-43-PB-2014;R-01;2006|PER-78-PB-2006
2014|PER-44-PB-2014;R-01;2006|PMK-99-2006
2014|PER-44-PB-2014;R-01;2011|PMK-16-2011
2014|PER-44-PB-2014;R-01;2012|PMK-190-2012
2014|PER-44-PB-2014;R-01;2013|PMK-145-2013
2014|PER-44-PB-2014;R-01;2013|PMK-183-2013
2014|PER-44-PB-2014;R-01;2006|PER-78-PB-2006
2014|PER-44-PB-2014;R-01;2012|PER-13-PB-2012
2014|PER-44-PB-2014;R-02;2013|PER-31-PB-2013
2014|PER-45-PB-2014;R-01;2010|PP-71-2010
2014|PER-45-PB-2014;R-01;2011|PP-10-2011
2014|PER-45-PB-2014;R-01;2007|PMK-171-2007
2014|PER-45-PB-2014;R-01;2011|PMK-151-2011
2014|PER-45-PB-2014;R-01;2010|PMK-28-2010
2014|PER-45-PB-2014;R-01;2012|PMK-248-2012
2014|PER-45-PB-2014;R-01;2013|PMK-218-2013
2014|PER-45-PB-2014;R-01;2009|PER-36-PB-2009
2014|PER-45-PB-2014;R-01;2013|PER-57-PB-2013
2014|PER-45-PB-2014;R-01;2014|PER-26-PB-2014
2012|PMK-232-2012;R-04;2010|PMK-28-2010
2014|PER-46-PB-2014;R-01;2010|PP-71-2010
2014|PER-46-PB-2014;R-01;2013|PMK-213-2013
2014|PER-46-PB-2014;R-01;2013|PER-61-PB-2013
2014|PER-46-PB-2014;R-04;2013|PER-61-PB-2013
2014|PER-47-PB-2014;R-01;2004|UU-1-2004
2014|PER-47-PB-2014;R-01;2006|PP-8-2006
2014|PER-47-PB-2014;R-01;2013|PP-45-2013
2014|PER-47-PB-2014;R-01;2013|PMK-162-2013
2014|PER-47-PB-2014;R-01;2014|PER-3-PB-2014
2014|PER-48-PB-2014;R-01;2014|PER-26-PB-2014
2014|PER-48-PB-2014;R-04;2014|PER-26-PB-2014
2014|PER-49-PB-2014;R-01;2010|PP-71-2010
2014|PER-49-PB-2014;R-01;2007|PMK-171-2007
2014|PER-49-PB-2014;R-01;2012|PMK-250-2012
