Penulisan Asli;ID Aturan + Tahun (Baku);ID Aturan (Baku);ID Tipe;Instansi Penerbit;Nomor;Tahun;Judul;Tanggal Ditetapkan;Tanggal Berlaku;Tempat Terbit;Status Sekarang
PER-1/PB/2026;2026|PER-1-PB-2026;PER-1-PB-2026;T-06;DJPb;1;2026;Tata Cara Penyelesaian Retur Surat Perintah Pencairan Dana kepada Rekening Penerima dalam Valuta Asing Melalui Bank Koresponden;21/01/2026;21/01/2026;Jakarta;Berlaku
PER-2/PB/2026;2026|PER-2-PB-2026;PER-2-PB-2026;T-06;DJPb;2;2026;Tata Cara Pembagian atas Penerimaan Negara Bukan Pajak Pembayaran yang Berasal dari Denda Tindak Pidana Pelanggaran Lalu Lintas dan Angkutan Jalan;22/01/2026;22/01/2026;Jakarta;Berlaku
PER-3/PB/2026;2026|PER-3-PB-2026;PER-3-PB-2026;T-06;DJPb;3;2026;Manajemen Talenta di Lingkungan Direktorat Jenderal Perbendaharaan;30/03/2026;30/03/2026;Jakarta;Berlaku
PER-4/PB/2026;2026|PER-4-PB-2026;PER-4-PB-2026;T-06;DJPb;4;2026;Petunjuk Teknis Penyalutran Transfer ke Daerah pada Dirkeotorat Jenderal Perbenfa;12/05/2026;12/05/2026;Jakarta;Berlaku
PER-1/PB/2025;2025|PER-1-PB-2025;PER-1-PB-2025;T-06;DJPb;1;2025;Petunjuk Teknis Penghapusan Piutang Kredit Program Macet;01/01/2025;01/01/2025;Jakarta;Berlaku
PER-2/PB/2025;2025|PER-2-PB-2025;PER-2-PB-2025;T-06;DJPb;2;2025;Perubahan atas Peraturan Direktur Jenderal Perbendaharaan Nomor PER-3/PB/2023 tentang Penetapan Zona Tarif Layanan Badan Layanan Umum Rumah Sakit Tingkat;01/01/2025;01/01/2025;Jakarta;Berlaku
PER-3/PB/2025;2025|PER-3-PB-2025;PER-3-PB-2025;T-06;DJPb;3;2025;Petunjuk Teknis Pelaksanaan Pembayaran Belanja Operasional Dengan Mekanisme Pagu Terpusat Dalam Rangka Pelaksanaan Anggaran Pendapatan Dan Belanja Negara melalui Platform Pembayaran Pemerintah;14/01/2025;14/01/2025;Jakarta;Berlaku
PER-4/PB/2025;2025|PER-4-PB-2025;PER-4-PB-2025;T-06;DJPb;4;2025;Penetapan Zona Tarif Layanan Badan Layanan Umum Perguruan Tinggi Keagamaan Negeri pada Kementerian Agama;17/02/2025;17/02/2025;Jakarta;Berlaku
PER-5/PB/2025;2025|PER-5-PB-2025;PER-5-PB-2025;T-06;DJPb;5;2025;Penetapan Zona Tarif Layanan Badan Layanan Umum Bidang Pengamanan Alat dan Fasilitas Kesehatan pada Kementerian Kesehatan;24/02/2025;24/02/2025;Jakarta;Berlaku
PER-6/PB/2025;2025|PER-6-PB-2025;PER-6-PB-2025;T-06;DJPb;6;2025;Pedoman Penyusunan Kontrak Kinerja dan Penetapan Persetujuan Capaian Kinerja Pemimpin Badan Layanan Umum;18/02/2025;18/02/2025;Jakarta;Berlaku
PER-7/PB/2025;2025|PER-7-PB-2025;PER-7-PB-2025;T-06;DJPb;7;2025;Penetapan Zona Tarif Layanan Badan Layanan Umum Bidang Pendidikan dan Pelatihan Sumber Daya Manusia Perhubungan pada Kementerian Perhubungan;10/04/2025;10/04/2025;Jakarta;Berlaku
PER-8/PB/2025;2025|PER-8-PB-2025;PER-8-PB-2025;T-06;DJPb;8;2025;Tata Cara Pembayaran Tagihan Pengadaan Barang Jasa Pemerintah pada Katalog Elektronik atas Beban Anggaran Pendapatan dan Belanja Negara;28/05/2025;28/05/2025;Jakarta;Berlaku
PER-9/PB/2025;2025|PER-9-PB-2025;PER-9-PB-2025;T-06;DJPb;9;2025;Penetapan Zona Tarif Layanan Badan Layanan Umum Unit Penyelenggara Bandar Udara pada Kementerian Perhubungan;11/06/2025;11/06/2025;Jakarta;Berlaku
PER-10/PB/2025;2025|PER-10-PB-2025;PER-10-PB-2025;T-06;DJPb;10;2025;Penetapan Zona Tarif Layanan Badan Layanan Umum Perguruan Tinggi Negeri pada Kementerian Pendidikan Tinggi Sains dan Teknologi;10/07/2025;10/07/2025;Jakarta;Berlaku
PER-11/PB/2025;2025|PER-11-PB-2025;PER-11-PB-2025;T-06;DJPb;11;2025;Tata Cara Penilaian Penetapan dan Pencabutan Penerapan Pola Pengelolaan Keuangan Badan Layanan Umum;15/07/2025;15/07/2025;Jakarta;Berlaku
PER-12/PB/2025;2025|PER-12-PB-2025;PER-12-PB-2025;T-06;DJPb;12;2025;Penetapan Zona Tarif Layanan Badan Layanan Umum Bidang Laboratorium Kesehatan Masyarakat pada Kementerian Kesehatan;15/07/2025;15/07/2025;Jakarta;Berlaku
PER-13/PB/2025;2025|PER-13-PB-2025;PER-13-PB-2025;T-06;DJPb;13;2025;Perubahan Kedua atas Peraturan Direktur Jenderal Perbendaharaan Nomor PER-3/PB/2023 tentang Penetapan Zona Tarif Layanan Badan Layanan Umum Rumah Sakit;06/08/2025;06/08/2025;Jakarta;Berlaku
PER-14/PB/2025;2025|PER-14-PB-2025;PER-14-PB-2025;T-06;DJPb;14;2025;Petunjuk Teknis Pelaksanaan Sistem Elektronik Perjalanan Dinas Melalui Platform Pembayaran Pemerintah;06/08/2025;06/08/2025;Jakarta;Berlaku
PER-15/PB/2025;2025|PER-15-PB-2025;PER-15-PB-2025;T-06;DJPb;15;2025;Kerangka Penyusunan Laporan pada Instansi Vertikal Direktorat Jenderal Perbendaharaan;04/09/2025;04/09/2025;Jakarta;Berlaku
PER-16/PB/2025;2025|PER-16-PB-2025;PER-16-PB-2025;T-06;DJPb;16;2025;Perubahan PER-45/PB/2016 tentang Petunjuk Teknis Penukaran Uang Negara dalam Valas di Bank Indonesia;12/09/2025;12/09/2025;Jakarta;Berlaku
PER-17/PB/2025;2025|PER-17-PB-2025;PER-17-PB-2025;T-06;DJPb;17;2025;Langkah-Langkah dalam Menghadapi Akhir Tahun Anggaran 2025;01/10/2025;01/10/2025;Jakarta;Berlaku
PER-18/PB/2025;2025|PER-18-PB-2025;PER-18-PB-2025;T-06;DJPb;18;2025;Perubahan atas Peraturan Direktur Jenderal Perbendaharaan Nomor PER-18/PB/2022 tentang Tata Kelola Rekening Investasi Bendahara Umum Negara;01/10/2025;01/10/2025;Jakarta;Berlaku
PER-19/PB/2025;2025|PER-19-PB-2025;PER-19-PB-2025;T-06;DJPb;19;2025;Sistem Monitoring Pengelolaan Anggaran Pendapatan dan Belanja Negara Terintegrasi;21/10/2025;21/10/2025;Jakarta;Berlaku
PER-20/PB/2025;2025|PER-20-PB-2025;PER-20-PB-2025;T-06;DJPb;20;2025;Perubahan Ketiga atas Peraturan Direktur Jenderal Perbendaharaan Nomor PER-14/PB/2023 tentang Penetapan Zona Tarif BLU Politeknik Kesehatan pada Kementerian Kesehatan;05/11/2025;05/11/2025;Jakarta;Berlaku
PER-21/PB/2025;2025|PER-21-PB-2025;PER-21-PB-2025;T-06;DJPb;21;2025;Perubahan atas Peraturan Direktur Jenderal Perbendaharaan Nomor PER-3/PB/2024 tentang Penetapan Zona Tarif Layanan Badan Layanan Umum Rumah Sakit Bhayangkara pada Kepolisian Negara Republik Indonesia;05/11/2025;05/11/2025;Jakarta;Berlaku
PER-22/PB/2025;2025|PER-22-PB-2025;PER-22-PB-2025;T-06;DJPb;22;2025;Tata Cara Pencairan Penyaluran dan Pertanggungjawaban Dana Belanja Pensiun yang Bersumber dari Anggaran Pendapatan dan Belanja Negara;17/11/2025;17/11/2025;Jakarta;Berlaku
PER-1/PB/2024;2024|PER-1-PB-2024;PER-1-PB-2024;T-06;DJPb;1;2024;Pedoman Penilaian Kinerja dan Penyelenggaraan Uji Kompetensi Jabatan Fungsional Analis Pengelolaan Keuangan Anggaran Pendapatan dan Belanja Negara dan Jabatan Fungsional Pranata Keuangan Anggaran Pendapatan dan Belanja Negara;02/01/2024;02/01/2024;Jakarta;Berlaku
PER-2/PB/2024;2024|PER-2-PB-2024;PER-2-PB-2024;T-06;DJPb;2;2024; Pedoman Evaluasi Dewan Pengawas Badan Layanan Umum;29/01/2024;29/01/2024;Jakarta;Berlaku
PER-3/PB/2024;2024|PER-3-PB-2024;PER-3-PB-2024;T-06;DJPb;3;2024;Penetapan Zona Tarif Layanan Badan Layanan Umum Rumat Sakit Bhayangkara pada Kepolisian Negara Republik Indonesia;16/02/2024;16/02/2024;Jakarta;Berlaku
PER-4/PB/2024;2024|PER-4-PB-2024;PER-4-PB-2024;T-06;DJPb;4;2024;Piloting Tata Cara Pembayaran Tagihan Pengadaan Barang/Jasa Pemerintah pada Katalog Elektronik atas Beban Anggaran Pendapatan dan Belanja Negara;26/04/2024;26/04/2024;Jakarta;Dicabut
PER-5/PB/2024;2024|PER-5-PB-2024;PER-5-PB-2024;T-06;DJPb;5;2024;Petunjuk Teknis Penilaian Indikator Kinerja Pelaksanaan Anggaran Belanja Kementerian Negara/Lembaga;02/05/2024;02/05/2024;Jakarta;Berlaku
PER-6/PB/2024;2024|PER-6-PB-2024;PER-6-PB-2024;T-06;DJPb;6;2024;Perubahan atas Peraturan di rektur Jenderal Perbendaharaan Nomor Per-14/PB/2023 tentang Penetapan Zona Tarif Layanan Badan Layanan Umum Politeknik Kesehatan pada Kementerian Kesehatan;06/05/2024;06/05/2024;Jakarta;Berlaku
PER-7/PB/2024;2024|PER-7-PB-2024;PER-7-PB-2024;T-06;DJPb;7;2024;Penetapan Zona Tarif Layanan Badan Layanan Umum Balai Besar dan Balai Standardisasi dan Pelayanan Jasa Industri pada Kementerian Perindustrian;07/05/2024;07/05/2024;Jakarta;Berlaku
PER-8/PB/2024;2024|PER-8-PB-2024;PER-8-PB-2024;T-06;DJPb;8;2024;Piloting Tata Cara Pembayaran Tagihan Pengadaan Barang/Jasa Pemerintah pada Katalog Elektronik atas Beban Anggaran Pendapatan dan Belanja Negara;14/05/2024;14/05/2024;Jakarta;Dicabut
PER-9/PB/2024;2024|PER-9-PB-2024;PER-9-PB-2024;T-06;DJPb;9;2024;Pengelolaan Rekening Milik Bendahara Umum Negara Melalui Aplikasi Layanan Bank Indonesia;20/05/2024;20/05/2024;Jakarta;Berlaku
PER-10/PB/2024;2024|PER-10-PB-2024;PER-10-PB-2024;T-06;DJPb;10;2024;Petunjuk Teknis Penyusunan Laporan Statistik Keuangan Pemerintah Sektor Korporasi Publik;23/07/2024;23/07/2024;Jakarta;Berlaku
PER-11/PB/2024;2024|PER-11-PB-2024;PER-11-PB-2024;T-06;DJPb;11;2024;Uji Coba Pembayaran Penerimaan Negara yang Berasal dari Luar Negeri melalui Portal Penerimaan Negara;22/09/2024;22/09/2024;Jakarta;Berlaku
PER-12/PB/2024;2024|PER-12-PB-2024;PER-12-PB-2024;T-06;DJPb;12;2024;Penetapan Zona Tarif Layanan Badan Layanan Umum Rumah Sakit pada Kementerian Kesehatan;24/09/2024;24/09/2024;Jakarta;Berlaku
PER-13/PB/2024;2024|PER-13-PB-2024;PER-13-PB-2024;T-06;DJPb;13;2024;Langkah-Langkah dalam Menghadapi Akhir Tahun Anggaran 2024;24/09/2024;24/09/2024;Jakarta;Berlaku
PER-14/PB/2024;2024|PER-14-PB-2024;PER-14-PB-2024;T-06;DJPb;14;2024;Penetapan Zona Tarif Layanan Badan Layanan Umum Perguruan Tinggi Negeri pada Kementerian Pendidikan, Kebudayaan, Riset, dan Teknologi;11/11/2024;11/11/2024;Jakarta;Berlaku
PER-15/PB/2024;2024|PER-15-PB-2024;PER-15-PB-2024;T-06;DJPb;15;2024;Pedoman Teknis Pemindahan Saldo yang Berasal dari Surplus Anggaran Badan Layanan Umum Kepada Badan Layaanan Umum yang Lain;04/12/2024;04/12/2024;Jakarta;Berlaku
PER-16/PB/2024;2024|PER-16-PB-2024;PER-16-PB-2024;T-06;DJPb;16;2024;Perubahan atas Peraturan Direktur Jenderal Perbendaharaan Nomor PER-7/PB/2024 tentang Penetapan Zona Tarif Layanan Badan Layanan Umum Balai Besar dan Balai Standardisasi dan Pelayanan Jasa Industri pada Kementerian Perindustrian;09/12/2024;09/12/2024;Jakarta;Berlaku
PER-17/PB/2024;2024|PER-17-PB-2024;PER-17-PB-2024;T-06;DJPb;17;2024;Tata Cara Pembayaran Tagihan Pengadaan Barang/Jasa Pemerintah pada Katalog Elektronik atas Beban Anggaran Pendapatan dan Belanja Negara;19/12/2024;19/12/2024;Jakarta;Berlaku
PER-18/PB/2024;2024|PER-18-PB-2024;PER-18-PB-2024;T-06;DJPb;18;2024;Mekanisme Penyelesaian Penyaluran Dana Surat Perintah Pencairan Dana yang Belum Dapat Diselesaikan pada Akhir Tahun Anggaran 2024;24/12/2024;24/12/2024;Jakarta;Berlaku
PER-19/PB/2024;2024|PER-19-PB-2024;PER-19-PB-2024;T-06;DJPb;19;2024;Perubahan Kedua atas Peraturan Direktur Jenderal Perbendaharaan Nomor PER-14/PB/2023 tentang Penetapan Zona Tarif Layanan Badan Layanan Umum Politeknik Kesehatan pada Kementerian Kesehatan;27/12/2024;27/12/2024;Jakarta;Berlaku
PER-20/PB/2024;2024|PER-20-PB-2024;PER-20-PB-2024;T-06;DJPb;20;2024;Tata Cara Pelaksanaan Pembayaran Imbalan Jasa Pelayanan dan Penggantian Biaya Pemrosesan Transaksi danatau Pelimpahan Penerimaan Negara;30/12/2024;30/12/2024;Jakarta;Berlaku
PER-1/PB/2023;2023|PER-1-PB-2023;PER-1-PB-2023;T-06;DJPb;1;2023;Perubahan atas Peraturan Direktur Jenderal Perbendaharaan Nomor PER-24/PB/2019 tentang Pedoman Pembinaan dan Supervisi Pelaksanaan Tugas Kantor Pelayanan Perbendaharaan Negara;02/03/2023;02/03/2023;Jakarta;Berlaku
PER-2/PB/2023;2023|PER-2-PB-2023;PER-2-PB-2023;T-06;DJPb;2;2023;Perubahan atas Peraturan Direktur Jenderal Perbendaharaan Nomor PER-8/PB/2021 tentang Petunjuk Teknis Penetapan Maksimum Pencairan Penerimaan Negara Bukan Pajak Secara Elektronik;02/03/2023;02/03/2023;Jakarta;Berlaku
PER-3/PB/2023;2023|PER-3-PB-2023;PER-3-PB-2023;T-06;DJPb;3;2023;Penetapan Zona Tarif Layanan Badan Layanan Umum Rumah Sakit Tingkat II, Tingkat III, dan Tingkat IV pada Kementerian Pertahanan;11/04/2023;12/04/2023;Jakarta;Berlaku
PER-4/PB/2023;2023|PER-4-PB-2023;PER-4-PB-2023;T-06;DJPb;4;2023;Perubahan atas Peraturan Direktur Jenderal Perbendaharaan Nomor PER-10/PB/2022 tentang Tata Cara Perhitungan dan Pemindahbukuan Dana Saldo Anggaran Lebih Bendahara Umum Negara Serta Formula Perhitungan Jumlah Dana Saldo Anggaran Lebih Bendahara Umum Negara Efisien;12/05/2023;12/05/2023;Jakarta;Berlaku
PER-5/PB/2023;2023|PER-5-PB-2023;PER-5-PB-2023;T-06;DJPb;5;2023;Tata Cara Transaksi Reverse Repurchase Agreement (Reverse Repo) dan Repurchase Agreement (Repo) Surat Berharga Negara Dalam Bentuk Surat Berharga Syariah Negara Dalam Rangka Pengelolaan Kelebihan/Kekurangan Kas Pemerintah;05/06/2023;05/06/2023;Jakarta;Dicabut
PER-6/PB/2023;2023|PER-6-PB-2023;PER-6-PB-2023;T-06;DJPb;6;2023;Uji Coba Pengguna Layanan Keuangan Digital Pada Satker Lingkup Kementerian Negara/Lembaga;07/06/2023;07/06/2023;Jakarta;Berlaku
PER-7/PB/2023;2023|PER-7-PB-2023;PER-7-PB-2023;T-06;DJPb;7;2023;Petunjuk Teknis Pelaksanaan Belanja Pegawai dan Belanja Operasional Dalam Piloting Pembayaran Dalam Rangka Pelaksanaan Anggaran Pendapatan dan Belanja Negara Melalui Platform Pembayaran Pemerintah;27/06/2023;27/06/2023;Jakarta;Berlaku
PER-8/PB/2023;2023|PER-8-PB-2023;PER-8-PB-2023;T-06;DJPb;8;2023;Tata Cara Monitoring Kualitas Data Laporan Keuangan, Rekonsiliasi, dan Penyampaian Laporan Keuangan pada Kementerian Negara/Lembaga;08/09/2023;08/09/2023;Jakarta;Berlaku
PER-9/PB/2023;2023|PER-9-PB-2023;PER-9-PB-2023;T-06;DJPb;9;2023;Petunjuk Teknis Revisi Anggaran yang Menjadi Kewenangan Direktorat Jenderal Perbendaharaan;13/09/2023;13/09/2023;Jakarta;Berlaku
PER-10/PB/2023;2023|PER-10-PB-2023;PER-10-PB-2023;T-06;DJPb;10;2023;Langkah-Langkah Akhir Dalam Menghadapi Akhir Tahun Anggaran 2023;13/10/2023;13/10/2023;Jakarta;Berlaku
PER-12/PB/2023;2023|PER-12-PB-2023;PER-12-PB-2023;T-06;DJPb;12;2023;Perubahan Kedua atas Peraturan Direktur Jenderal Perbendaharaan Nomor PER-10/PB/2022 tentang Tata Cara Perhitungan dan Pemindahbukuan Dana Saldo Anggaran Lebih Bendahara Umum Negara serta Formula Perhitungan Jumlah Dana Saldo Anggaran Lebih Bendahara Umum Negara Efisien;06/12/2023;06/12/2023;Jakarta;Berlaku
PER-13/PB/2023;2023|PER-13-PB-2023;PER-13-PB-2023;T-06;DJPb;13;2023;Penetapan Zona Tarif Layanan Badan Layanan Umum Balai Perikanan Budi Daya pada Kementerian Kelautan dan Perikanan;19/12/2023;19/12/2023;Jakarta;Berlaku
PER-14/PB/2023;2023|PER-14-PB-2023;PER-14-PB-2023;T-06;DJPb;14;2023;Penetapan Zona Tarif Layanan Badan Layanan Umum Politeknik Kesehatan pada Kementerian Kesehatan;22/12/2023;22/12/2023;Jakarta;Berlaku
PER-1/PB/2022;2022|PER-1-PB-2022;PER-1-PB-2022;T-06;DJPb;1;2022;Petunjuk Teknis Revisi Anggaran yang Menjadi Kewenangan Direktorat Jenderal Perbendaharaan;31/01/2022;31/01/2022;Jakarta;Dicabut
PER-2/PB/2022;2022|PER-2-PB-2022;PER-2-PB-2022;T-06;DJPb;2;2022;Pedoman Teknis Penyusunan Rencana Bisnis dan Anggaran Badan Layanan Umum;11/02/2022;11/02/2022;Jakarta;Dicabut
PER-3/PB/2022;2022|PER-3-PB-2022;PER-3-PB-2022;T-06;DJPb;3;2022;Tata Kelola Rekening Investasi Bendahara Umum Negara;16/02/2022;16/02/2022;Jakarta;Berlaku
PER-4/PB/2022;2022|PER-4-PB-2022;PER-4-PB-2022;T-06;DJPb;4;2022;Pedoman Penyelenggaran Uji Kompetensi dan Mekanisme Pengangkatan Melalui Peripindahan dari Jabatan Lain bagi Jabatan Fungsional Pranata Keuangan Anggaran Pendapatan dan Belanja Negara dan Jabatan Fungsional Analisis Pengelolaan Keuangna Anggaran Pendapatan dan Belanja Negara;18/03/2022;18/03/2022;Jakarta;Berlaku
PER-5/PB/2022;2022|PER-5-PB-2022;PER-5-PB-2022;T-06;DJPb;5;2022;Petunjuk Teknis Penilaian Indikator Kinerja Pelaksanaan Anggaran Belanja Kementerian Negara/Lembaga;18/03/2022;18/03/2022;Jakarta;Berlaku
PER-6/PB/2022;2022|PER-6-PB-2022;PER-6-PB-2022;T-06;DJPb;6;2022;Petunjuk Teknis Monitoring dan Evaluasi Pembiayaan Ultra Mikro oleh Instansi Vertikal Direktorat Jenderal Perbendaharaan;26/04/2022;26/04/2022;Jakarta;Berlaku
PER-7/PB/2022;2022|PER-7-PB-2022;PER-7-PB-2022;T-06;DJPb;7;2022;Penggunaan Uang Persediaan Melalui Digipay pada Satuan Kerja Kementerian Negara/Lembaga;30/06/2022;30/06/2022;Jakarta;Berlaku
PER-8/PB/2022;2022|PER-8-PB-2022;PER-8-PB-2022;T-06;DJPb;8;2022;Pedoman Pelaksanaan Penerimaan dan Pengeluaran Negara pada Akhir Tahun Anggaran 2022;30/09/2022;30/09/2022;Jakarta;Berlaku
PER-9/PB/2022;2022|PER-9-PB-2022;PER-9-PB-2022;T-06;DJPb;9;2022;Akuntansi Pencatatan Dana Hibah Langsung Bentuk Uang dalam Mata Uang Asing;21/10/2022;21/10/2022;Jakarta;Berlaku
PER-10/PB/2022;2022|PER-10-PB-2022;PER-10-PB-2022;T-06;DJPb;10;2022;Tata Cara Perhitungan dan Pemindahbukuan Dana Saldo Anggaran Lebih Bendahara Umum Negara serta Formula Perhitungan Jumlah Dana Saldo Anggaran Lebih Bendahara Umum Negara Efisien;21/10/2022;21/10/2022;Jakarta;Berlaku
PER-11/PB/2022;2022|PER-11-PB-2022;PER-11-PB-2022;T-06;DJPb;11;2022;Mekanisme Pemindahan Sisa Penerimaan Negara Bukan Pajak Satuan Kerja pada Masa Transisi Penetapan sebagai Satuan Kerja yang Menerapkan Pengelolaan Keuangan Badan Layanan Umum;25/10/2022;25/10/2022;Jakarta;Berlaku
PER-12/PB/2022;2022|PER-12-PB-2022;PER-12-PB-2022;T-06;DJPb;12;2022;Tata Cara Pembayaran atas Beban Anggaran Pendapatan dan Belanja Negara dengan Menggunakan Kartu Kredit Pemerintah Domestik;27/10/2022;27/10/2022;Jakarta;Berlaku
PER-13/PB/2022;2022|PER-13-PB-2022;PER-13-PB-2022;T-06;DJPb;13;2022;Pedoman Evaluasi Dewan Pengawas Badan Layanan Umum;27/10/2022;27/10/2022;Jakarta;Dicabut
PER-14/PB/2022;2022|PER-14-PB-2022;PER-14-PB-2022;T-06;DJPb;14;2022;Perubahan Ketiga atas Peraturan Direktur Jenderal Perbendaharaan Nomor PER-19/PB/2015 tentang Tata Cara Pencairan dan Pertanggungjawaban Dana Belanja Pensiun yang Dilaksanakan oleh PT Taspen (Persero) dan PT Asabri (Persero);27/10/2022;27/10/2022;Jakarta;Berlaku
PER-15/PB/2022;2022|PER-15-PB-2022;PER-15-PB-2022;T-06;DJPb;15;2022;Perubahan atas Peraturan Direktur Jenderal Perbendaharaan Nomor PER-4/PB/2022 tentang Pedoman Penyelenggaraan Uji Kompetensi dan Mekanisme Pengangkatan melalui Perpindahan dari Jabatan Lain bagi Jabatan Fungsional Pranata Keuangan Anggaran Pendapatan dan Belanja Negara dan Jabatan Fungsional Analis Pengelolaan Keuangan Anggaran Pendapatan dan Belanja Negara;15/11/2022;15/11/2022;Jakarta;Berlaku
PER-16/PB/2022;2022|PER-16-PB-2022;PER-16-PB-2022;T-06;DJPb;16;2022;Petunjuk Teknis Pengembangan dan Pengujian Sistem Penerimaan Negara secara Elektronik;29/11/2022;29/11/2022;Jakarta;Berlaku
PER-17/PB/2022;2022|PER-17-PB-2022;PER-17-PB-2022;T-06;DJPb;17;2022;Uji Coba Restrukturisasi Pengelolaan Rekening Lainnya pada Satuan Kerja Lingkup Kementerian Negara/Lembaga;08/12/2022;08/12/2022;Jakarta;Berlaku
PER-18/PB/2022;2022|PER-18-PB-2022;PER-18-PB-2022;T-06;DJPb;18;2022;Tata Kelola Rekening Investasi Bendahara Umum Negara;19/12/2022;19/12/2022;Jakarta;Berlaku
PER-19/PB/2022;2022|PER-19-PB-2022;PER-19-PB-2022;T-06;DJPb;19;2022;Petunjuk Teknis Penempatan Uang Negara pada Bank Umum;23/12/2022;23/12/2022;Jakarta;Berlaku
PER-20/PB/2022;2022|PER-20-PB-2022;PER-20-PB-2022;T-06;DJPb;20;2022;Petunjuk Teknis Belanja Pegawai dan Belanja Operasional dalam Piloting Pembayaran dalam rangka Pelaksanaan Anggaran Pendapatan dan Belanja Negara melalui Platform Pembayaran Pemerintah;28/12/2022;28/12/2022;Jakarta;Berlaku
PER-21/PB/2022;2022|PER-21-PB-2022;PER-21-PB-2022;T-06;DJPb;21;2022;Uji Coba Penyaluran Bantuan Sosial Non Tunai Menggunakan Layanan Keuangan Digital;30/12/2022;30/12/2022;Jakarta;Berlaku
PER-1/PB/2021;2021|PER-1-PB-2021;PER-1-PB-2021;T-06;DJPb;1;2021;Kebijakan Sistem Manajemen Keamanan Informasi di Lingkungan Direktorat Jenderal Perbendaharaan;15/01/2021;15/01/2021;Jakarta;Berlaku
PER-2/PB/2021;2021|PER-2-PB-2021;PER-2-PB-2021;T-06;DJPb;2;2021;Petunjuk Teknis Revisi Anggaran yang Menjadi Kewenangan Direktorat Jenderal Perbendaharaan pada Tahun Anggaran 2021;29/01/2021;29/01/2021;Jakarta;Dicabut
PER-3/PB/2021;2021|PER-3-PB-2021;PER-3-PB-2021;T-06;DJPb;3;2021;Petunjuk Teknis Penyaluran Dana Desa pada Direktorat Jenderal Perbendaharaan;19/02/2021;19/02/2021;Jakarta;Dicabut
PER-4/PB/2021;2021|PER-4-PB-2021;PER-4-PB-2021;T-06;DJPb;4;2021;Petunjuk Teknis Penilaian Indikator Kinerja Pelaksanaan Anggaran Belanja Kementerian Negara/Lembaga;08/03/2021;08/03/2021;Jakarta;Dicabut
PER-5/PB/2021;2021|PER-5-PB-2021;PER-5-PB-2021;T-06;DJPb;5;2021;Penetapan Zona Tarif Layanan Badan Layanan Umum Politeknik Kesehatan pada Kementerian Kesehatan;18/06/2021;18/07/2021;Jakarta;Dicabut
PER-6/PB/2021;2021|PER-6-PB-2021;PER-6-PB-2021;T-06;DJPb;6;2021;Perubahan atas Peraturan Direktur Jenderal Perbendaharaan Nomor PER-14/PB/2020 tentang Petunjuk Teknis Penempatan Dana dalam Bentuk Deposito dalam rangka Pelaksanaan Program Pemulihan Ekonomi Nasional;21/07/2021;21/07/2021;Jakarta;Berlaku
PER-7/PB/2021;2021|PER-7-PB-2021;PER-7-PB-2021;T-06;DJPb;7;2021;Tata Cara Pemotongan Iuran Jaminan Kesehatan Bagi Anggota Keluarga Yang Lain;08/09/2021;08/09/2021;Jakarta;Berlaku
PER-8/PB/2021;2021|PER-8-PB-2021;PER-8-PB-2021;T-06;DJPb;8;2021;Petunjuk Teknis Penetapan Maksimum Pencairan Penerimaan Negara Bukan Pajak Secara Elektronik;08/09/2021;08/09/2021;Jakarta;Berlaku
PER-9/PB/2021;2021|PER-9-PB-2021;PER-9-PB-2021;T-06;DJPb;9;2021;Pedoman Pelaksanaan Penerimaan dan Pengeluaran Negara pada Akhir Tahun Anggaran 2021;30/09/2021;30/09/2021;Jakarta;Berlaku
PER-10/PB/2021;2021|PER-10-PB-2021;PER-10-PB-2021;T-06;DJPb;10;2021;Uji Coba Restrukturisasi Pengelolaan Rekening Penerimaan pada Satuan Kerja Lingkup Kementerian Negara/Lembaga;13/10/2021;13/10/2021;Jakarta;Berlaku
PER-11/PB/2021;2021|PER-11-PB-2021;PER-11-PB-2021;T-06;DJPb;11;2021;Pedoman Penilaian Tata Kelola dan Kinerja (Tingkat Maturitas) Badan Layanan Umum;01/12/2021;01/12/2021;Jakarta;Berlaku
PER-12/PB/2021;2021|PER-12-PB-2021;PER-12-PB-2021;T-06;DJPb;12;2021;Mekanisme Konfirmasi Keaslian dan Keabsahan Jaminan Pembayaran Akhir Tahun Anggaran Melalui Interkoneksi Sistem;01/12/2021;01/12/2021;Jakarta;Berlaku
PER-13/PB/2021;2021|PER-13-PB-2021;PER-13-PB-2021;T-06;DJPb;13;2021;Tata Cara Pengesahan atau Pencairan Biaya Operasional Penyelenggaraan Pembiayaan Manfaat Pensiun yang Dilaksanakan oleh PT Taspen (Persero) dan PT Asabri (Persero);14/12/2021;14/12/2021;Jakarta;Berlaku
PER-14/PB/2021;2021|PER-14-PB-2021;PER-14-PB-2021;T-06;DJPb;14;2021;Pedoman Pengusulan, Penilaian, dan Penetapan Angka Kredit Jabatan Fungsional Analis Pengelola Keuangan Anggaran Pendapatan dan Belanja Negara dan Jabatan Fungsional Pranata Keuangan Anggaran Pendapatan dan Belanja Negara;22/12/2021;22/12/2021;Jakarta;Berlaku
PER-15/PB/2021;2021|PER-15-PB-2021;PER-15-PB-2021;T-06;DJPb;15;2021;Pedoman Penulisan Karya Tulis atau Karya Ilmiah Jabatan Fungsional Pembina Teknis Perbendaharaan Negara dan Jabatan Fungsional Analis Perbendaharaan Negara;29/12/2021;29/12/2021;Jakarta;Berlaku
PER-16/PB/2021;2021|PER-16-PB-2021;PER-16-PB-2021;T-06;DJPb;16;2021;Tata Kelola Teknologi Informasi dan Komunikasi di Lingkungan Direktorat Jenderal Perbendaharaan;31/12/2021;31/12/2021;Jakarta;Berlaku
PER-17/PB/2021;2021|PER-17-PB-2021;PER-17-PB-2021;T-06;DJPb;17;2021;Tata Cara Penerbitan Kode Billing Penerimaan Negara Lainnya Melalui Billing Perbendaharaan;31/12/2021;01/01/2022;Jakarta;Berlaku
PER-1/PB/2020;2020|PER-1-PB-2020;PER-1-PB-2020;T-06;DJPb;1;2020;Petunjuk Teknis Penyaluran Dana Desa pada Direktorat Jenderal Perbendaharaan;27/01/2020;27/01/2020;Jakarta;Dicabut
PER-2/PB/2020;2020|PER-2-PB-2020;PER-2-PB-2020;T-06;DJPb;2;2020;Petunjuk Teknis Revisi Anggaran yang Menjadi Kewenangan Direktorat Jenderal Perbendaharaan pada Tahun Anggaran 2020;04/02/2020;04/02/2020;Jakarta;DIcabut
PER-3/PB/2020;2020|PER-3-PB-2020;PER-3-PB-2020;T-06;DJPb;3;2020;Peraturan Direktur Jenderal Perbendaharaan tentang Uji Coba Pembayaran dan Penggunaan Kartu Kredit Pemerintah pada Satuan Kerja Perwakilan Republik Indonesia di Luar Negeri;10/02/2020;10/02/2020;Jakarta;Berlaku
PER-4/PB/2020;2020|PER-4-PB-2020;PER-4-PB-2020;T-06;DJPb;4;2020;Petunjuk Teknis Penilaian Indikator Kinerja Pelaksanaan Anggaran Belanja Kementerian Negara/Lembaga;18/02/2020;18/02/2020;Jakarta;Berlaku
PER-5/PB/2020;2020|PER-5-PB-2020;PER-5-PB-2020;T-06;DJPb;5;2020;Petunjuk Teknis Penilaian Kompetensi bagi Pejabat Pembuat Komitmen dan Pejabat Penanda Tangan Surat Perintah Membayar pada Satuan Kerja Pengelola Anggaran Pendapatan dan Belanja Negara;13/03/2020;13/03/2020;Jakarta;Berlaku
PER-6/PB/2020;2020|PER-6-PB-2020;PER-6-PB-2020;T-06;DJPb;6;2020;Petunjuk Pelaksanaan Penarikan, Pencairan, Pengelolaan, dan Pertanggungjawaban Dana Pinjaman dan/atau Hibah Luar Negeri Melalui Rekening Khusus pada Bank Umum;31/03/2020;31/03/2020;Jakarta;Berlaku
PER-7/PB/2020;2020|PER-7-PB-2020;PER-7-PB-2020;T-06;DJPb;7;2020;Petunjuk Teknis Penyaluran Dana Alokasi Khusus Fisik pada Direktorat Jenderal Perbendaharaan;31/03/2020;31/03/2020;Jakarta;Dicabut
PER-8/PB/2020;2020|PER-8-PB-2020;PER-8-PB-2020;T-06;DJPb;8;2020;Pedoman Penyelenggaraan Layanan Help, Answer, Improve Direktorat Jenderal Perbendaharaan;31/03/2020;31/03/2020;Jakarta;Berlaku
PER-9/PB/2020;2020|PER-9-PB-2020;PER-9-PB-2020;T-06;DJPb;9;2020;Pengelolaan Rekening Lainnya Milik Bendahara Umum Negara;24/01/2020;24/01/2020;Jakarta;Berlaku
PER-10/PB/2020;2020|PER-10-PB-2020;PER-10-PB-2020;T-06;DJPb;10;2020;Petunjuk Teknis Revisi Anggaran yang Menjadi Kewenangan Direktorat Jenderal Perbendaharaan pada Tahun Anggaran 2020;08/05/2020;08/05/2020;Jakarta;Dicabut
PER-11/PB/2020;2020|PER-11-PB-2020;PER-11-PB-2020;T-06;DJPb;11;2020;Petunjuk Teknis Pemindahan Dana yang Dikelola Oleh Badan Layanan Umum Lain untuk Penanganan Pandemi Corona Virus Disease 2019 (COVID-19);02/06/2020;02/06/2020;Jakarta;Berlaku
PER-12/PB/2020;2020|PER-12-PB-2020;PER-12-PB-2020;T-06;DJPb;12;2020;Petunjuk Teknis Penempatan Uang Negara pada Bank Umum dalam rangka Percepatan Pemulihan Ekonomi Nasional;23/06/2020;23/06/2020;Jakarta;Dicabut
PER-13/PB/2020;2020|PER-13-PB-2020;PER-13-PB-2020;T-06;DJPb;13;2020;Perubahan Keenam atas Peraturan Direktur Jenderal Perbendaharaan Nomor PER-33/PB/2014 tentang Pedoman Penilaian Kinerja Badan Layanan Umum Bidang Layanan Lainnya;10/07/2020;10/07/2020;Jakarta;Berlaku
PER-14/PB/2020;2020|PER-14-PB-2020;PER-14-PB-2020;T-06;DJPb;14;2020;Petunjuk Teknis Penempatan Dana Dalam Bentuk Deposito Dalam Rangka Pelaksanaan Program Pemulihan Ekonomi Nasional;10/08/2020;10/08/2020;Jakarta;Berlaku
PER-15/PB/2020;2020|PER-15-PB-2020;PER-15-PB-2020;T-06;DJPb;15;2020;Perubahan Ketiga atas Peraturan Direktur Jenderal Perbendaharaan Nomor PER-31/PB/2016 tentang Tata Cara Pembayaran Penghasilan Bagi Pegawai Pemerintah Non Pegawai Negeri yang Dibebankan pada Anggaran Pendapatan dan Belanja Negara;11/08/2020;11/08/2020;Jakarta;Berlaku
PER-16/PB/2020;2020|PER-16-PB-2020;PER-16-PB-2020;T-06;DJPb;16;2020;Hak Akses Pengguna dan Pengamanan Secara Elektronik dalam Piloting Sistem Aplikasi Keuangan Tingkat Instansi;13/08/2020;13/08/2020;Jakarta;Berlaku
PER-17/PB/2020;2020|PER-17-PB-2020;PER-17-PB-2020;T-06;DJPb;17;2020;Pola Mutasi Dalam Jabatan Pelaksana di Lingkungan Direktorat Jenderal Perbendaharaan;25/08/2020;25/08/2020;Jakarta;Berlaku
PER-18/PB/2020;2020|PER-18-PB-2020;PER-18-PB-2020;T-06;DJPb;18;2020;Pedoman Penilaian dan Penetapan Angka Kredit Jabatan Fungsional Pembina Teknis Perbendaharaan Negara dan Jabatan Fungsional Analis Perbendaharaan Negara;16/09/2020;16/09/2020;Jakarta;Berlaku
PER-19/PB/2020;2020|PER-19-PB-2020;PER-19-PB-2020;T-06;DJPb;19;2020;Uji Coba Mekanisme Pembayaran dan Penggunaan Kartu Kredit Pemerintah atas Beban Bagian Anggaran Bendahara Umum Negara;30/09/2020;30/09/2020;Jakarta;Berlaku
PER-20/PB/2020;2020|PER-20-PB-2020;PER-20-PB-2020;T-06;DJPb;20;2020;Pedoman Pelaksanaan Penerimaan dan Pengeluaran Negara pada Akhir Tahun Anggaran 2020;30/09/2020;30/09/2020;Jakarta;Berlaku
PER-21/PB/2020;2020|PER-21-PB-2020;PER-21-PB-2020;T-06;DJPb;21;2020;Mekanisme Penetapan Maksimum Pencairan Penerimaan Negara Bukan Pajak Secara Elektronik;27/10/2020;27/10/2020;Jakarta;Berlaku
PER-22/PB/2020;2020|PER-22-PB-2020;PER-22-PB-2020;T-06;DJPb;22;2020;Perubahan Kedua atas Peraturan Direktur Jenderal Perbendaharaan Nomor  PER-36/PB/2016 tentang Pedoman Penilaian Kinerja Badan Layanan Umum  Bidang Layanan Kesehatan;16/11/2020;16/11/2020;Jakarta;Dicabut
PER-23/PB/2020;2020|PER-23-PB-2020;PER-23-PB-2020;T-06;DJPb;23;2020;Petunjuk Teknis Pelaksanaan Rekonsiliasi Dalam Rangka Penyusunan Laporan Statistik Keuangan Pemerintah Umum;30/11/2020;30/11/2020;Jakarta;Berlaku
PER-24/PB/2020;2020|PER-24-PB-2020;PER-24-PB-2020;T-06;DJPb;24;2020;Tata Cara Pelaksanaan Pembayaran Belanja Pegawai Gaji dengan Menggunakan Aplikasi Gaji Modul Satker Berbasis Web;10/12/2020;10/12/2020;Jakarta;Berlaku
PER-25/PB/2020;2020|PER-25-PB-2020;PER-25-PB-2020;T-06;DJPb;25;2020;Petunjuk Teknis Pelaksanaan Belanja Pegawai dan Belanja Operasional dalam Piloting Pembayaran dalam Rangka Pelaksanaan Anggaran Pendapatan dan Belanja Negara melalui Platform Pembayaran Pemerintah;21/12/2020;21/12/2020;Jakarta;Berlaku
PER-26/PB/2020;2020|PER-26-PB-2020;PER-26-PB-2020;T-06;DJPb;26;2020;Pedoman Penilaian dan Penetapan Angka Kredit Jabatan Fungsional Pranata Keuangan Anggaran Pendapatan dan Belanja Negara;21/12/2020;21/12/2020;Jakarta;Dicabut
PER-27/PB/2020;2020|PER-27-PB-2020;PER-27-PB-2020;T-06;DJPb;27;2020;Perubahan Atas Peraturan Direktur Jenderal Perbendaharaan Nomor PER-25/PB/2019 tentang Pedoman Seleksi Penyesuaian/Inpassing Jabatan Fungsional Pembina Teknis Perbendaharaan Negara dan Jabatan Fungsional Analis Perbendaharaan Negara;28/12/2020;28/12/2020;Jakarta;Berlaku
PER-28/PB/2020;2020|PER-28-PB-2020;PER-28-PB-2020;T-06;DJPb;28;2020;Perubahan Atas Peraturan Direktur Jenderal Perbendaharaan Nomor PER-31/PB/2019 tentang Pedoman Seleksi Penyesuaian/Inpassing Jabatan Fungsional Pranata Keuangan Anggaran Pendapatan dan Belanja Negara dan Jabaran Fungsional Analis Pengelolaan Keuangan Anggaran Pendapatan dan Belanja Negara;30/12/2020;30/12/2020;Jakarta;Berlaku
PER-1/PB/2019;2019|PER-1-PB-2019;PER-1-PB-2019;T-06;DJPb;1;2019;Petunjuk Teknis Penyelesaian atas Kelebihan Pelimpahan Penerimaan Negara;06/03/2019;06/03/2019;Jakarta;Berlaku
PER-2/PB/2019;2019|PER-2-PB-2019;PER-2-PB-2019;T-06;DJPb;2;2019;Perubahan Atas Peraturan Direktur Jenderal Perbendaharaan Nomor PER-17/PB/2013 tentang Ketentuan Lebih Lanjut Tata Cara Pembayaran Penerimaan Negara Bukan Pajak Atas Beban Anggaran Pendapatan dan Belanja Negara;06/03/2019;06/03/2019;Jakarta;Berlaku
PER-3/PB/2019;2019|PER-3-PB-2019;PER-3-PB-2019;T-06;DJPb;3;2019;Uji Coba Restrukturisasi Pengelolaan Rekening Pengeluaran pada Satuan Kerja Lingkup Direktorat Jenderal Perbendaharaan;12/03/2019;12/03/2019;Jakarta;Berlaku
PER-4/PB/2019;2019|PER-4-PB-2019;PER-4-PB-2019;T-06;DJPb;4;2019;Petunjuk Teknis Revisi Anggaran yang Menjadi Kewenangan Direktorat Jenderal Perbendaharaan pada Tahun Anggaran 2019;01/04/2019;01/04/2019;Jakarta;Berlaku
PER-5/PB/2019;2019|PER-5-PB-2019;PER-5-PB-2019;T-06;DJPb;5;2019;Petunjuk Teknis Pengelolaan Dana Surat Berharga Syariah Negara pada Rekening Khusus Surat Berharga Syariah Negara di Bank Umum Syariah;04/04/2019;04/04/2019;Jakarta;Berlaku
PER-6/PB/2019;2019|PER-6-PB-2019;PER-6-PB-2019;T-06;DJPb;6;2019;Penyimpanan Dana Reboisasi Pada Bank Umum;13/05/2019;13/05/2019;Jakarta;Berlaku
PER-7/PB/2019;2019|PER-7-PB-2019;PER-7-PB-2019;T-06;DJPb;7;2019;Perubahan Atas Peraturan Direktur Jenderal Perbendaharaan Nomor PER-15/PB/ 2017 tentang Petunjuk Pelaksanaan Pembayaran Anggaran Penelitian Berbasis Standar Biaya Keluaran Sub Keluaran Penelitian;16/05/2019;16/05/2019;Jakarta;Berlaku
PER-8/PB/2019;2019|PER-8-PB-2019;PER-8-PB-2019;T-06;DJPb;8;2019;Perubahan Atas Peraturan Direktur Jenderal Perbendaharaan Nomor PER-31/PB/2016 tentang Tata Cara Pembayaran Penghasilan bagi Pegawai Pemerintah Non Pegawai Negeri yang Dibebankan pada Anggaran Pendapatan dan Belanja Negara;16/05/2019;16/05/2019;Jakarta;Berlaku
PER-9/PB/2019;2019|PER-9-PB-2019;PER-9-PB-2019;T-06;DJPb;9;2019;Tata Cara Pelaksanaan Pembayaran Imbalan Jasa Pelayanan dan Penggantian Biaya Pelimpahan Penerimaan Negara;12/08/2019;12/08/2019;Jakarta;Dicabut
PER-10/PB/2019;2019|PER-10-PB-2019;PER-10-PB-2019;T-06;DJPb;10;2019;Petunjuk Teknis User Acceptance Test Sistem Penerimaan Negara Secara Elektronik;14/08/2019;14/08/2019;Jakarta;Dicabut
PER-11/PB/2019;2019|PER-11-PB-2019;PER-11-PB-2019;T-06;DJPb;11;2019;Perubahan Kelima atas Peraturan Direktur Jenderal Perbendaharaan Nomor PER-33/PB/2014 tentang Pedoman Penilaian Kinerja Badan Layanan Umum Bidang Layanan Lainnya;06/09/2019;06/09/2019;Jakarta;Berlaku
PER-12/PB/2019;2019|PER-12-PB-2019;PER-12-PB-2019;T-06;DJPb;12;2019;Mekanisme Konfirmasi dan Penyampaian Informasi Penyaluran Bantuan Sosial Program Bantuan Pangan Non Tani;19/09/2019;19/09/2019;Jakarta;Berlaku
PER-13/PB/2019;2019|PER-13-PB-2019;PER-13-PB-2019;T-06;DJPb;13;2019;Pedoman Pelaksanaan Penerimaan dan Pengeluaran Negara pada Tahun Anggaran 2019;20/09/2019;20/09/2019;Jakarta;Berlaku
PER-14/PB/2019;2019|PER-14-PB-2019;PER-14-PB-2019;T-06;DJPb;14;2019;Pedoman Pembinaan Teknis dan Tata Kelola Satuan Kerja Badan Layanan Umum pada Direktorat Jenderal Perbendaharaan;26/09/2019;26/09/2019;Jakarta;Berlaku
PER-15/PB/2019;2019|PER-15-PB-2019;PER-15-PB-2019;T-06;DJPb;15;2019;Petunjuk Teknis Penyelesaian Permintaan Kembali Pajak Pertambahan Nilai Barang Bawaan Orang Pribadi Pemegang Paspor Luar Negeri Melalui Mekanisme Uang Persediaan;30/09/2019;30/09/2019;Jakarta;Berlaku
PER-16/PB/2019;2019|PER-16-PB-2019;PER-16-PB-2019;T-06;DJPb;16;2019;Mekanisme Pembayaran Program Foreign Military Sales di Lingkungan Kementerian Pertahanan dan Tentara Nasional Indonesia atas Beban Anggaran Pendapatan dan Belanja Negara;01/10/2019;01/10/2019;Jakarta;Berlaku
PER-17/PB/2019;2019|PER-17-PB-2019;PER-17-PB-2019;T-06;DJPb;17;2019;Kebijakan Sistem Manajemen Informasi di Lingkungan Direktorat Jenderal Perbendaharaan;10/10/2019;10/10/2019;Jakarta;Berlaku
PER-18/PB/2019;2019|PER-18-PB-2019;PER-18-PB-2019;T-06;DJPb;18;2019;Uji Coba Pembayaran/Penyetoran Penerimaan Negara Melalui Agen Laku Pandai;31/10/2019;31/10/2019;Jakarta;Berlaku
PER-19/PB/2019;2019|PER-19-PB-2019;PER-19-PB-2019;T-06;DJPb;19;2019;Petunjuk Pelaksanaan Verifikasi Debt Swap dalam rangka Penyelesaian Piutang Negara yang Bersumber dari Penerusan Pinjaman Luar Negeri, Rekening Dana Investasi, dan rekening Pembangunan Daerah pada Pemerintah Daerah;15/11/2019;06/11/2019;Jakarta;Berlaku
PER-20/PB/2019;2019|PER-20-PB-2019;PER-20-PB-2019;T-06;DJPb;20;2019;Uji Coba Penggunaan Uang Persediaan Melalui Sistem Marketplace dan Digital Payment pada Satuan Kerja;15/11/2019;15/11/2019;Jakarta;Dicabut
PER-21/PB/2019;2019|PER-21-PB-2019;PER-21-PB-2019;T-06;DJPb;21;2019;Perubahan Kedua atas Peraturan Direktur Jenderal Perbendaharaan Nomor PER-43/PB/2013 tentang Tata Cara Pembayaran Belanja Pegawai pada Satuan Kerja Kepolisian Negara Republik Indonesia;12/11/2019;12/11/2019;Jakarta;Berlaku
PER-22/PB/2019;2019|PER-22-PB-2019;PER-22-PB-2019;T-06;DJPb;22;2019;Perubahan Kedua atas Peraturan Direktur Jenderal Perbendaharaan Nomor PER-31/PB/2013 tentang Tata Cara Pembayaran Penghasilan Bagi Pegawai Pemerintah Non Pegawai Negeri yang Dibebankan pada Anggaran Pendapatan dan Belanja Negara;12/11/2019;12/11/2019;Jakarta;Berlaku
PER-23/PB/2019;2019|PER-23-PB-2019;PER-23-PB-2019;T-06;DJPb;23;2019;Uji Coba Penggunaan Uang Persediaan Melalui Sistem Marketplace dan Digital Payment pada Satuan Kerja;27/11/2019;27/11/2019;Jakarta;Berlaku
PER-24/PB/2019;2019|PER-24-PB-2019;PER-24-PB-2019;T-06;DJPb;24;2019;Pedoman Pembinaan dan Supervisi Pelaksanaan Tugas Kantor Pelayanan Perbendaharaan Negara;29/11/2019;29/11/2019;Jakarta;Berlaku
PER-25/PB/2019;2019|PER-25-PB-2019;PER-25-PB-2019;T-06;DJPb;25;2019;Pedoman Seleksi Penyesuaian/Inpassing Jabatan Fungsional Pembina Teknis Perbendaharaan Negara dan Jabatan Fungsional Analis Perbendaharaan;27/12/2019;27/12/2019;Jakarta;Berlaku
PER-26/PB/2019;2019|PER-26-PB-2019;PER-26-PB-2019;T-06;DJPb;26;2019;Pedoman Pengembangan Sistem Informasi di Lingkungan Direktorat Jenderal Perbendaharaan;30/12/2019;30/12/2019;Jakarta;Berlaku
PER-27/PB/2019;2019|PER-27-PB-2019;PER-27-PB-2019;T-06;DJPb;27;2019;Perubahan Atas Peraturan Direktur Jenderal Perbendaharaan Nomor PER-3/PB/2014 Tentang Petunjuk Teknis Penatausahaan, Pembukuan, dan Pertanggungjawaban Bendahara Pada Satuan Kerja Pengelola Anggaran Pendapatan dan Belanja Negara Serta Verifikasi Laporan Pertanggungjawaban Bendahara;31/12/2019;31/12/2019;Jakarta;Berlaku
PER-28/PB/2019;2019|PER-28-PB-2019;PER-28-PB-2019;T-06;DJPb;28;2019;Pedoman Telaah dan Analisis Laporan Keuangan Badan Layanan Umum oleh Kantor Wilayah Direktorat Jenderal Perbendaharaan ;31/12/2019;31/12/2019;Jakarta;Berlaku
PER-29/PB/2019;2019|PER-29-PB-2019;PER-29-PB-2019;T-06;DJPb;29;2019;Tata Cara Pembayaran Biaya Society For Worldwide Interbank Financial Telecommunications dan Pajak Pertambahan Nilai atas Transaksi Bank Indonesia Real Time Gross Settlement/Society for Worldwide Interbank Financial Telecommunications;31/12/2019;01/01/2020;Jakarta;Berlaku
PER-30/PB/2019;2019|PER-30-PB-2019;PER-30-PB-2019;T-06;DJPb;30;2019;Kerangka Penguatan Integritas Direktorat Jenderal Perbendaharaan;31/12/2019;31/12/2019;Jakarta;Berlaku
PER-31/PB/2019;2019|PER-31-PB-2019;PER-31-PB-2019;T-06;DJPb;31;2019;Pedoman Seleksi Penyesuaian/Inpassing Jabatan Fungsional Pranata Keuangan Anggaran Pendapatan dan Belanja Negara dan Jabatan Fungsional Analis Pengelolaan Keuangan Anggaran Pendapatan dan Belanja Negara;31/12/2019;31/12/2019;Jakarta;Berlaku
PER-1/PB/2018;2018|PER-1-PB-2018;PER-1-PB-2018;T-06;DJPb;1;2018;Perubahan Kedua Atas Peraturan Direktur Jenderal Perbendaharaan Nomor PER-4/PB/2017 tentang Petunjuk Teknis Penyaluran Dana Alokasi Khusus Fisik dan Dana Desa pada Direktorat Jenderal Perbendaharaan;10/01/2018;10/01/2018;Jakarta;Berlaku
PER-2/PB/2018;2018|PER-2-PB-2018;PER-2-PB-2018;T-06;DJPb;2;2018;Pelaksanaan Pembayaran Gaji Menggunakan Database Gaji Terpusat;15/02/2018;15/02/2018;Jakarta;Berlaku
PER-3/PB/2018;2018|PER-3-PB-2018;PER-3-PB-2018;T-06;DJPb;3;2018;Petunjuk Teknis Revisi Anggaran yang Menjadi Kewenangan Direktorat Jenderal Perbendaharaan pada Tahun Anggaran 2018;05/03/2018;05/03/2018;Jakarta;Dicabut
PER-4/PB/2018;2018|PER-4-PB-2018;PER-4-PB-2018;T-06;DJPb;4;2018;Tata Cara Pelaksanaan Pembayaran Beban Suku Bunga Negatif Atas Penempatan Uang Negara Di Rekening Kas Umum Negara;06/03/2018;06/03/2018;Jakarta;Berlaku
PER-5/PB/2018;2018|PER-5-PB-2018;PER-5-PB-2018;T-06;DJPb;5;2018;Petunjuk Pelaksanaan Konfirmasi Setoran Penerimaan Negara;23/03/2018;23/03/2018;Jakarta;Berlaku
PER-6/PB/2018;2018|PER-6-PB-2018;PER-6-PB-2018;T-06;DJPb;6;2018;Tata Cara Penggabungan Beberapa Kegiatan, Output, dan Lokasi Dalam Penerbitan Surat Perintah Membayar Penggantian Uang Persediaan, Pertanggungjawaban Tambahan Uang Persediaan, dan Surat Perintah Membayar Langsung ke Bendahara Pengeluaran;14/05/2018;14/05/2018;Jakarta;Berlaku
PER-7/PB/2018;2018|PER-7-PB-2018;PER-7-PB-2018;T-06;DJPb;7;2018;Tata Cara Pelaksanaan Pembayaran Imbalan Jasa Pelayanan Bank/Pos Persepsi dan Penggantian Biaya Pelimpahan Bank Persepsi Mata Uang Asing;28/05/2018;28/05/2018;Jakarta;Dicabut
PER-8/PB/2018;2018|PER-8-PB-2018;PER-8-PB-2018;T-06;DJPb;8;2018;Tata Cara Pembayaran Pajak Pertambahan Nilai Atas Transaksi Bank Indonesia Real Time Gross Settlement/Society For Worldwide Interbank Financial Telecommunications;26/06/2018;26/06/2018;Jakarta;Berlaku
PER-9/PB/2018;2018|PER-9-PB-2018;PER-9-PB-2018;T-06;DJPb;9;2018;Tata Cara Penyelesaian Retur Surat Perintah Pencairan Dana;29/06/2018;29/06/2018;Jakarta;Berlaku
PER-10/PB/2018;2018|PER-10-PB-2018;PER-10-PB-2018;T-06;DJPb;10;2018;Petunjuk Teknis Penggunaan Aplikasi Untuk Pelaksanaan Piloting Penerapan Tandatangan Elektronik Dan Penyampaian Dokumen Elektronik Melalui Aplikasi Surat Perintah Membayar Elektronik;20/07/2018;20/07/2018;Jakarta;Berlaku
PER-11/PB/2018;2018|PER-11-PB-2018;PER-11-PB-2018;T-06;DJPb;11;2018;Tata Cara Transaksi Reverse Repurchase Agreement (Reverse Repo) dan Repurchase Agreement (Repo) Surat Berharga Negara Dalam Rangka Pengelolaan Kelebihan/Kekurangan Kas Pemerintah;01/08/2018;01/08/2018;Jakarta;Berlaku
PER-12/PB/2018;2018|PER-12-PB-2018;PER-12-PB-2018;T-06;DJPb;12;2018;Perubahan atas Peraturan Direktur Jenderal Perbendaharaan Nomor PER-8/PB/2017 tentang Tata Cara Penyelesaian Data Suspen Penerimaan;15/08/2018;15/08/2018;Jakarta;Berlaku
PER-13/PB/2018;2018|PER-13-PB-2018;PER-13-PB-2018;T-06;DJPb;13;2018;Pedoman Pelaksanaan Penerimaan dan Pengeluaran Negara Pada Akhir Tahun Anggaran 2018;31/08/2018;31/08/2018;Jakarta;Berlaku
PER-14/PB/2018;2018|PER-14-PB-2018;PER-14-PB-2018;T-06;DJPb;14;2018;Petunjuk Pelaksanaan Anggaran Dalam Rangka Pelaksanaan Tahapan Pemilihan Umum Tahun 2019;05/09/2018;05/09/2018;Jakarta;Berlaku
PER-15/PB/2018;2018|PER-15-PB-2018;PER-15-PB-2018;T-06;DJPb;15;2018;Mekanisme Konfirmasi Penerima Bantuan Sosial Non Tunai dan Penyampaian Informasi Penyaluran Bantuan Sosial Non Thnai Program Keluarga Harapan;05/10/2018;05/10/2018;Jakarta;Berlaku
PER-16/PB/2018;2018|PER-16-PB-2018;PER-16-PB-2018;T-06;DJPb;16;2018;Perubahan Atas Peraturan Direktur Jenderal Perbendaharaan Nomor PER-28/PB/2017 tentang Tata Cara Pembayaran Selisih Harga Pembelian Beras Yang Bersumber Dari Anggaran Pendapatan Dan Belanja Negara;15/10/2018;15/10/2018;Jakarta;Berlaku
PER-17/PB/2018;2018|PER-17-PB-2018;PER-17-PB-2018;T-06;DJPb;17;2018;Uji Coba Penyaluran Dana Anggaran Pendapatan dan Belanja Negara Dalam Valuta Asing Melalui Rekening Rutin (Uang Persediaan) Pada Satuan Kerja Perwakilan Republik Indonesia di Luar Negeri;15/10/2018;15/10/2018;Jakarta;Berlaku
PER-18/PB/2018;2018|PER-18-PB-2018;PER-18-PB-2018;T-06;DJPb;18;2018;Tata Cara Pengelolaan Rekening Penampungan Pendapatan Jasa Giro Rekening Pembangunan Hutan;26/10/2018;26/10/2018;Jakarta;Berlaku
PER-19/PB/2018;2018|PER-19-PB-2018;PER-19-PB-2018;T-06;DJPb;19;2018;Monitoring Data Transaksi Penerimaan Negara;26/10/2018;26/10/2018;Jakarta;Berlaku
PER-20/PB/2018;2018|PER-20-PB-2018;PER-20-PB-2018;T-06;DJPb;20;2018;Perubahan Ketiga Atas Peraturan Direktur Jenderal Perbendaharaan Nomor PER-4/PB/2017 tentang Petunjuk Teknis Penyaluran Dana Alokasi Khusus Fisik dan Dana Desa pada Direktorat Jenderal Perbendaharaan;09/11/2018;09/11/2018;Jakarta;Berlaku
PER-21/PB/2018;2018|PER-21-PB-2018;PER-21-PB-2018;T-06;DJPb;21;2018;Pedoman Rekonsiliasi Data Transaksi Realisasi Anggaran Dalam Rangka Penyusunan Laporan Keuangan Tingkat Unit Akuntansi Kuasa Pengguna Anggaran Bendahara Umum Negara Penyaluran Transfer Dana Alokasi Khusus Fisik dan Dana Desa;26/11/2018;26/11/2018;Jakarta;Berlaku
PER-22/PB/2018;2018|PER-22-PB-2018;PER-22-PB-2018;T-06;DJPb;22;2018;Perubahan Kedua atas Peraturan Direktur Jenderal Perbendaharaan Nomor PER-32/PB/2014 tentang Pedoman Penilaian Kinerja Badan Layanan Umum Bidang Layanan Pendidikan;29/11/2018;29/11/2018;Jakarta;Berlaku
PER-23/PB/2018;2018|PER-23-PB-2018;PER-23-PB-2018;T-06;DJPb;23;2018;Perubahan Keempat atas Peraturan Direktur Jenderal Perbendaharaan Nomor PER-33/PB/2014 tentang Pedoman Penilaian Kinerja Badan Layanan Umum Bidang Layanan Lainnya;29/11/2018;29/11/2018;Jakarta;Berlaku
PER-24/PB/2018;2018|PER-24-PB-2018;PER-24-PB-2018;T-06;DJPb;24;2018;Perubahan atas Peraturan Direktur Jenderal Perbendaharaan Nomor PER-36/PB/2014 tentang Pedoman Penilaian Kinerja Badan Layanan Umum Bidang Layanan Kesehatan;29/11/2018;29/11/2018;Jakarta;Berlaku
PER-25/PB/2018;2018|PER-25-PB-2018;PER-25-PB-2018;T-06;DJPb;25;2018;Petunjuk Teknis Monitoring dan Evaluasi Pembiayaan Ultra Mikro oleh Instansi Vertikal Direktorat Jenderal Perbendaharaan;29/11/2018;29/11/2018;Jakarta;Dicabut
PER-26/PB/2018;2018|PER-26-PB-2018;PER-26-PB-2018;T-06;DJPb;26;2018;Piloting Sistem Aplikasi Keuangan Tingkat Instansi;;;Jakarta;Dibatalkan
PER-27/PB/2018;2018|PER-27-PB-2018;PER-27-PB-2018;T-06;DJPb;27;2018;Piloting Sistem Aplikasi Keuangan Tingkat Instansi;;;Jakarta;Dibatalkan
PER-28/PB/2018;2018|PER-28-PB-2018;PER-28-PB-2018;T-06;DJPb;28;2018;Piloting Sistem Aplikasi Keuangan Tingkat Instansi;;;Jakarta;Dibatalkan
PER-29/PB/2018;2018|PER-29-PB-2018;PER-29-PB-2018;T-06;DJPb;29;2018;Piloting Sistem Aplikasi Keuangan Tingkat Instansi;;;Jakarta;Dibatalkan
PER-30/PB/2018;2018|PER-30-PB-2018;PER-30-PB-2018;T-06;DJPb;30;2018;Piloting Sistem Aplikasi Keuangan Tingkat Instansi;;;Jakarta;Dibatalkan
PER-31/PB/2018;2018|PER-31-PB-2018;PER-31-PB-2018;T-06;DJPb;31;2018;Piloting Sistem Aplikasi Keuangan Tingkat Instansi;;;Jakarta;Dibatalkan
PER-32/PB/2018;2018|PER-32-PB-2018;PER-32-PB-2018;T-06;DJPb;32;2018;Pedoman Penyusunan Laporan Keuangan Pemerintah Pusat;26/12/2018;26/12/2018;Jakarta;Berlaku
PER-33/PB/2018;2018|PER-33-PB-2018;PER-33-PB-2018;T-06;DJPb;33;2018;Pedoman Pembinaan Pelaksanaan Sistem Akuntansi dan Pelaporan Keuangan Instansi pada Kementerian Negara/ Lembaga;28/12/2018;28/12/2018;Jakarta;Berlaku
PER-34/PB/2018;2018|PER-34-PB-2018;PER-34-PB-2018;T-06;DJPb;34;2018;Pedoman Pembinaan Pelaksanaan Anggaran Daerah oleh Kantor Wilayah Direktorat Jenderal Perbendaharaan;28/12/2018;28/12/2018;Jakarta;Dicabut
PER-35/PB/2018;2018|PER-35-PB-2018;PER-35-PB-2018;T-06;DJPb;35;2018;Pedoman Penyusunan Laporan Dewan Pengawas Badan Layanan Umum;28/12/2018;28/12/2018;Jakarta;Dicabut
PER-36/PB/2018;2018|PER-36-PB-2018;PER-36-PB-2018;T-06;DJPb;36;2018;Perubahan Atas Peraturan Direktur Jenderal Perbendaharaan Nomor PER-17/PB/2018 tentang Uji Coba Penyaluran Dana Anggaran Pendapatan dan Belanja Negara dalam Valuta Asing Melalui Rekening Rutin (Uang Persediaan) pada Satuan Kerja Perwakilan Republik Indonesia di Luar Negeri;31/12/2018;01/01/2019;Jakarta;Berlaku
PER-37/PB/2018;2018|PER-37-PB-2018;PER-37-PB-2018;T-06;DJPb;37;2018;Rekonsiliasi Data Transaksi Penerimaan Negara;31/12/2018;31/12/2018;Jakarta;Berlaku
PER-38/PB/2018;2018|PER-38-PB-2018;PER-38-PB-2018;T-06;DJPb;38;2018;Petunjuk Teknis Modul Komitmen dalam Piloting Sistem Aplikasi Keuangan Tingkat Instansi;31/12/2018;31/12/2018;Jakarta;Berlaku
PER-39/PB/2018;2018|PER-39-PB-2018;PER-39-PB-2018;T-06;DJPb;39;2018;Petunjuk Teknis Modul Bendahara dalam Piloting Sistem Aplikasi Keuangan Tingkat Instansi;31/12/2018;31/12/2018;Jakarta;Berlaku
PER-40/PB/2018;2018|PER-40-PB-2018;PER-40-PB-2018;T-06;DJPb;40;2018;Petunjuk Teknis Modul Pembayaran dalam Piloting Sistem Aplikasi Keuangan Tingkat Instansi;31/12/2018;31/12/2018;Jakarta;Berlaku
PER-41/PB/2018;2018|PER-41-PB-2018;PER-41-PB-2018;T-06;DJPb;41;2018;Petunjuk Teknis Modul Persediaan dalam Piloting Sistem Aplikasi Keuangan Tingkat Instansi;31/12/2018;31/12/2018;Jakarta;Berlaku
PER-42/PB/2018;2018|PER-42-PB-2018;PER-42-PB-2018;T-06;DJPb;42;2018;Petunjuk Teknis Modul Aset Tetap dalam Piloting Sistem Aplikasi Keuangan Tingkat Instansi;31/12/2018;31/12/2018;Jakarta;Berlaku
PER-43/PB/2018;2018|PER-43-PB-2018;PER-43-PB-2018;T-06;DJPb;43;2018;Petunjuk Teknis Modul Akuntansi dan Pelaporan dalam Piloting Sistem Aplikasi Keuangan Tingkat Instansi;31/12/2018;31/12/2018;Jakarta;Berlaku
PER-44/PB/2018;2018|PER-44-PB-2018;PER-44-PB-2018;T-06;DJPb;44;2018;Perubahan Kedua Atas Peraturan Direktur Jenderal Perbendaharaan Nomor PER-19/PB/2015 tentang Tata Cara Pencairan dan Pertanggungjawaban Dana Belanja Pensiun yang Dilaksanakan Oleh PT Taspen (Persero) dan PT Asabri (Persero);31/12/2018;31/12/2018;Jakarta;Berlaku
PER-1/PB/2017;2017|PER-1-PB-2017;PER-1-PB-2017;T-06;DJPb;1;2017;Manajemen Talenta Direktorat Jenderal Perbendaharaan;27/01/2017;27/01/2017;Jakarta;Berlaku
PER-2/PB/2017;2017|PER-2-PB-2017;PER-2-PB-2017;T-06;DJPb;2;2017;Tata Cara Pelaksanaan Pembayaran Uang Kompensasi Bagi Ketua dan Anggota Badan Pengawas Pemilihan Umum Sebagai Penyelenggara Pemilihan Umum Tahun 2009;22/02/2017;22/02/2017;Jakarta;Berlaku
PER-3/PB/2017;2017|PER-3-PB-2017;PER-3-PB-2017;T-06;DJPb;3;2017;Petunjuk Teknis Revisi Anggaran yang Menjadi Kewenangan Direktorat Jenderal Perbendaharaan pada Tahun Anggaran 2017;24/03/2017;24/03/2017;Jakarta;Dicabut
PER-4/PB/2017;2017|PER-4-PB-2017;PER-4-PB-2017;T-06;DJPb;4;2017;Petunjuk Teknis Penyaluran Dana Alokasi Khusus Fisik dan Dana Desa pada Direktorat Jenderal Perbendaharaan;11/04/2017;11/04/2017;Jakarta;Berlaku
PER-5/PB/2017;2017|PER-5-PB-2017;PER-5-PB-2017;T-06;DJPb;5;2017;Penyusunan Kontrak Kinerja dan Penetapan Persetujuan Capaian Kinerja Pimpinan Badan Layanan Umum Bidang Layanan Kesehatan;17/04/2017;17/04/2017;Jakarta;Dicabut
PER-6/PB/2017;2017|PER-6-PB-2017;PER-6-PB-2017;T-06;DJPb;6;2017;Petunjuk Teknis Penentuan Kualitas Piutang Dan Pembentukan Penyisihan Piutang Tidak Tertagih Penerusan Pinjaman;08/05/2017;08/05/2017;Jakarta;Berlaku
PER-7/PB/2017;2017|PER-7-PB-2017;PER-7-PB-2017;T-06;DJPb;7;2017;Peraturan Direktur Jenderal Perbendaharaan tentang Petunjuk Teknis Penempatan Uang Negara Pada Bank Umum;16/05/2017;16/05/2017;Jakarta;Berlaku
PER-8/PB/2017;2017|PER-8-PB-2017;PER-8-PB-2017;T-06;DJPb;8;2017;Tata Cara Penyelesaian Data Suspen Penerimaan;31/05/2017;31/05/2017;Jakarta;Berlaku
PER-9/PB/2017;2017|PER-9-PB-2017;PER-9-PB-2017;T-06;DJPb;9;2017;Pelaksanaan Uji Coba Pengelolaan Rekening Khusus Surat Berharga Syariah Negara di Bank Syariah;15/06/2017;15/06/2017;Jakarta;Berlaku
PER-10/PB/2017;2017|PER-10-PB-2017;PER-10-PB-2017;T-06;DJPb;10;2017;Petunjuk Teknis Monitoring dan Evaluasi Pembiayaan Ultra Mikro oleh Instansi Vertikal Direktorat Jenderal Perbendaharaan;11/08/2017;11/08/2017;Jakarta;Dicabut
PER-11/PB/2017;2017|PER-11-PB-2017;PER-11-PB-2017;T-06;DJPb;11;2017;Perubahan atas Peraturan Direktur Jenderal Perbendaharaan Nomor PER-4/PB/2017 Tentang Petunjuk Teknis Penyaluran Dana Alokasi Khusus Fisik dan Dana Desa Pada Direktorat Jenderal Perbendaharaan;23/08/2017;23/08/2017;Jakarta;Berlaku
PER-12/PB/2017;2017|PER-12-PB-2017;PER-12-PB-2017;T-06;DJPb;12;2017;Pedoman Pelaksanaan Penerimaan dan Pengeluaran Negara pada Akhir Tahun Anggaran 2017;25/08/2017;25/08/2017;Jakarta;Berlaku
PER-13/PB/2017;2017|PER-13-PB-2017;PER-13-PB-2017;T-06;DJPb;13;2017;Tata Cara Pencairan dan Pertanggungjawaban Dana Biaya Operasional Penyelenggaraan Pembayaran Manfaat Pensiun Melalui PT Taspen (Persero) Dan PT Asabri (Persero) Yang Bersumber dari Anggaran Pendapatan dan Belanja Negara;13/09/2017;13/09/2017;Jakarta;Dicabut
PER-14/PB/2017;2017|PER-14-PB-2017;PER-14-PB-2017;T-06;DJPb;14;2017;Peraturan Direktur Jenderal Perbendaharaan tentang Perubahan atas Peraturan Direktur Jenderal Perbendaharaan Nomor PER-43/PB/2016 tentang Pelaksanaan Pemilihan Bank Penyimpan Dana Reboisasi;15/09/2017;15/09/2017;Jakarta;Berlaku
PER-15/PB/2017;2017|PER-15-PB-2017;PER-15-PB-2017;T-06;DJPb;15;2017;Petunjuk Pelaksanaan Pembayaran Anggaran Penelitian Berbasis Standar Biaya Keluaran Sub Keluaran Penelitian;20/09/2017;20/09/2017;Jakarta;Berlaku
PER-16/PB/2017;2017|PER-16-PB-2017;PER-16-PB-2017;T-06;DJPb;16;2017;Forum Koordinasi Keuangan Negara Direktorat Jenderal Perbendaharaan;20/09/2017;20/09/2017;Jakarta;Berlaku
PER-17/PB/2017;2017|PER-17-PB-2017;PER-17-PB-2017;T-06;DJPb;17;2017;Uji Coba Pembayaran Dengan Kartu Kredit Dalam Rangka Penggunaan Uang Persediaan;28/09/2017;28/09/2017;Jakarta;Berlaku
PER-18/PB/2017;2017|PER-18-PB-2017;PER-18-PB-2017;T-06;DJPb;18;2017;Perubahan Ketiga Atas Peraturan Direktur Jenderal Perbendaharaan Nomor PER-33/PB/2014 tentang Pedoman Penilaian Kinerja Badan Layanan Umum Bidang Layanan Lainnya;29/09/2017;29/09/2017;Jakarta;Berlaku
PER-19/PB/2017;2017|PER-19-PB-2017;PER-19-PB-2017;T-06;DJPb;19;2017;Petunjuk Teknis Pembinaan dan Monitoring Atas Pinjaman dan Kredit Program oleh Kantor Wialyah Direktorat Jenderal Perbendaharaan;11/10/2017;11/10/2017;Jakarta;Berlaku
PER-20/PB/2017;2017|PER-20-PB-2017;PER-20-PB-2017;T-06;DJPb;20;2017;Langkah-LangkahOperasionalisasi Kantor Wilayah Direktorat Jenderal Perbendaharaan Provinsi Kalimantan Utara dan Kantor Pelayanan Perbendaharaan Negara Tanjung Selor;26/10/2017;26/10/2017;Jakarta;Berlaku
PER-21/PB/2017;2017|PER-21-PB-2017;PER-21-PB-2017;T-06;DJPb;21;2017;Perubahan Atas Peraturan Direktur Jenderal Perbendaharaan Nomor PER-43/PB/2013 tentang Tata Cara Pembayaran Belanja Pegawai Pada Satuan Kerja Kepolisian Negara Republik Indonesia;26/10/2017;26/10/2017;Jakarta;Berlaku
PER-22/PB/2017;2017|PER-22-PB-2017;PER-22-PB-2017;T-06;DJPb;22;2017;Petunjuk Pelaksanaan Koreksi Saldo Kas di Bendahara Pengeluaran pada Neraca Unit Akuntansi Kuasa BUN tingkat Daerah/KPPN;10/11/2017;10/11/2017;Jakarta;Berlaku
PER-23/PB/2017;2017|PER-23-PB-2017;PER-23-PB-2017;T-06;DJPb;23;2017;Petunjuk Teknis Sertifikasi Bendahara pada Satuan Kerja Pengelola Anggaran Pendapatan dan Belanja Negara;24/11/2017;24/11/2017;Jakarta;Berlaku
PER-24/PB/2017;2017|PER-24-PB-2017;PER-24-PB-2017;T-06;DJPb;24;2017;Tata Cara Transaksi Surat Berharga Negara di Pasar Sekunder dalam rangka Pengelolaan Kelebihan/Kekurangan Kas Pemerintah;30/11/2017;30/11/2017;Jakarta;Berlaku
PER-25/PB/2017;2017|PER-25-PB-2017;PER-25-PB-2017;T-06;DJPb;25;2017;Tata Cara Pembarayan Imbalan Jasa Bank Kustodian;30/11/2017;30/11/2017;Jakarta;Berlaku
PER-26/PB/2017;2017|PER-26-PB-2017;PER-26-PB-2017;T-06;DJPb;26;2017;Tata Cara Pembayaran Pajak Pertambahan Nilai Atas Transaksi Bank Indonesia Real Time Gross Settlement/Society for Worldwide Interbank Financial Telecommunications;05/12/2017;05/12/2017;Jakarta;Dicabut
PER-27/PB/2017;2017|PER-27-PB-2017;PER-27-PB-2017;T-06;DJPb;27;2017;Petunjuk Pelaksanaan Pembayaran Belanja Melalui Kerja Sama Swakelola Kementerian Negara/Lembaga dengan Tentara Nasional Indonesia;06/12/2017;06/12/2017;Jakarta;Berlaku
PER-28/PB/2017;2017|PER-28-PB-2017;PER-28-PB-2017;T-06;DJPb;28;2017;Tata Cara Pembayaran Selisih Harga Pembelian Beras Yang Bersumber Dari Anggaran Pendapatan dan Belanja Negara;13/12/2017;13/12/2017;Jakarta;Berlaku
PER-29/PB/2017;2017|PER-29-PB-2017;PER-29-PB-2017;T-06;DJPb;29;2017;Perubahan Atas Peraturan Direktur Jenderal Perbendaharaan Nomor PER-53/PB/2016 tentang Pedoman Penggunaan Aplikasi Badan Layanan Umum Integrated Online System;18/12/2017;18/12/2018;Jakarta;Berlaku
PER-30/PB/2017;2017|PER-30-PB-2017;PER-30-PB-2017;T-06;DJPb;30;2017;Pedoman Pembinaan Akuntansi dan Pelaporan Keuangan Pemerintah Daerah oleh Kantor Wilayah Direktorat Jenderal Perbendaharaan;28/12/2017;28/12/2017;Jakarta;Berlaku
PER-31/PB/2017;2017|PER-31-PB-2017;PER-31-PB-2017;T-06;DJPb;31;2017;Pejabat Perbendaharaan, Akuntansi dan Pelaporan Transaksi Penarikan dan Pengembalian Surplus Anggaran dan/atau Dana Kelolaan Badan Layanan Umum;29/12/2017;29/12/2017;Jakarta;Berlaku
PER-32/PB/2017;2017|PER-32-PB-2017;PER-32-PB-2017;T-06;DJPb;32;2017;Protokol Manajemen Likuiditas;29/12/2017;29/12/2017;Jakarta;Berlaku
PER-33/PB/2017;2017|PER-33-PB-2017;PER-33-PB-2017;T-06;DJPb;33;2017;Petunjuk Pelaksanaan Analisis dan Konsolidasi Data Penerimaan Dana Perhitungan Fihak Ketiga Pegawai Pada Instansi Vertikal Direktorat Jenderal Perbendaharaan;29/12/2017;29/12/2017;Jakarta;Berlaku
PER-34/PB/2017;2017|PER-34-PB-2017;PER-34-PB-2017;T-06;DJPb;34;2017;Petunjuk Teknis Penyusunan Laporan Keuangan Pemerintah Konsolidasian Tingkat Wilayah dan Laporan Statistik Keuangan Pemerintah Tingkat Wilayah pada Kantor Wilayah Direktorat Jenderal Perbendaharaan;29/12/2017;29/12/2017;Jakarta;Berlaku
PER-35/PB/2017;2017|PER-35-PB-2017;PER-35-PB-2017;T-06;DJPb;35;2017;Perlakuan Akuntansi Terkait Pencatatan Pengembalian Dana Kepada Pemberi Pinjaman dan/atau Hibah Luar Negeri;29/12/2017;29/12/2017;Jakarta;Berlaku
PER-1/PB/2016;2016|PER-1-PB-2016;PER-1-PB-2016;T-06;DJPb;1;2016;Petunjuk Pelaksanaan Pembayaran Tunjangan Kinerja Pegawai di Lingkungan Badan Pengawas Obat dan Makanan;08/01/2016;08/01/2016;Jakarta;Berlaku
PER-2/PB/2016;2016|PER-2-PB-2016;PER-2-PB-2016;T-06;DJPb;2;2016;Petunjuk Pelaksanaan Pembayaran Tunjangan Kinerja Pegawai di Lingkungan Kementerian Pertanian;02/01/2016;02/01/2016;Jakarta;Berlaku
PER-3/PB/2016;2016|PER-3-PB-2016;PER-3-PB-2016;T-06;DJPb;3;2016;Petunjuk Pencairan, Pembebanan, dan Pertanggungjawaban Dana Pinjaman dan/atau Hibah Luar Negeri melalui Mekanisme Rekening Khusus;08/01/2016;08/01/2016;Jakarta;Berlaku
PER-4/PB/2016;2016|PER-4-PB-2016;PER-4-PB-2016;T-06;DJPb;4;2016;Petunjuk Pelaksanaan Pembayaran Tunjangan Kinerja Pegawai di Lingkungan Kementerian Pekerjaan Umum dan Perumahan Rakyat;08/01/2016;08/01/2016;Jakarta;Berlaku
PER-5/PB/2016;2016|PER-5-PB-2016;PER-5-PB-2016;T-06;DJPb;5;2016;Petunjuk Pelaksanaan Pembayaran Tunjangan Kinerja Pegawai di Lingkungan Badan Kependudukan dan Keluarga Berencana Nasional;11/01/2016;11/01/2016;Jakarta;Berlaku
PER-6/PB/2016;2016|PER-6-PB-2016;PER-6-PB-2016;T-06;DJPb;6;2016;Petunjuk Pelaksanaan Pembayaran Tunjangan Kinerja Pegawai di Lingkungan Badan Kependudukan dan Keluarga Berencana Nasional;11/01/2016;11/01/2016;Jakarta;Berlaku
PER-7/PB/2016;2016|PER-7-PB-2016;PER-7-PB-2016;T-06;DJPb;7;2016;Petunjuk Pelaksanaan Pembayaran Tunjangan Kinerja Pegawai di Lingkungan Badan Nasional Penempatan dan Perlindungan Tenaga Kerja Indonesia;11/01/2016;11/01/2016;Jakarta;Berlaku
PER-8/PB/2016;2016|PER-8-PB-2016;PER-8-PB-2016;T-06;DJPb;8;2016;etunjuk Pelaksanaan Pembayaran Tunjangan Kinerja Pegawai di Lingkungan Badan Narkotika Nasional;11/01/2016;11/01/2016;Jakarta;Berlaku
PER-9/PB/2016;2016|PER-9-PB-2016;PER-9-PB-2016;T-06;DJPb;9;2016;Sistem Informasi Terpadu Satuan Kerja dan Kementerian Negara/Lembaga;12/01/2016;12/01/2016;Jakarta;Berlaku
PER-10/PB/2016;2016|PER-10-PB-2016;PER-10-PB-2016;T-06;DJPb;10;2016;Petunjuk Pelaksanaan Pembayaran Tunjangan Kinerja Pegawai di Lingkungan Lembaga Kebijakan Pengadaan Barang/Jasa Pemerintah;14/01/2016;14/01/2016;Jakarta;Berlaku
PER-11/PB/2016;2016|PER-11-PB-2016;PER-11-PB-2016;T-06;DJPb;11;2016;Petunjuk Pelaksanaan Pembayaran Tunjangan Kinerja Pegawai di Lingkungan Badan Kepegawaian Negara;15/01/2016;15/01/2016;Jakarta;Berlaku
PER-12/PB/2016;2016|PER-12-PB-2016;PER-12-PB-2016;T-06;DJPb;12;2016;Petunjuk Pelaksanaan Pembayaran Tunjangan Kinerja Pegawai di Lingkungan Lembaga Sandi Negara;19/01/2016;19/01/2016;Jakarta;Berlaku
PER-13/PB/2016;2016|PER-13-PB-2016;PER-13-PB-2016;T-06;DJPb;13;2016;Petunjuk Pelaksanaan Pembayaran Tunjangan Kinerja Pegawai di Lingkungan Badan SAR Nasional;19/01/2016;19/01/2016;Jakarta;Berlaku
PER-14/PB/2016;2016|PER-14-PB-2016;PER-14-PB-2016;T-06;DJPb;14;2016;Petunjuk Pelaksanaan Pembayaran Tunjangan Kinerja Pegawai di Lingkungan Badan Standarisasi Nasional;27/01/2016;27/01/2016;Jakarta;Berlaku
PER-15/PB/2016;2016|PER-15-PB-2016;PER-15-PB-2016;T-06;DJPb;15;2016;Petunjuk Pelaksanaan Pembayaran Tunjangan Kinerja Pegawai di Lingkungan Kementerian Dalam Negeri;29/01/2016;29/01/2016;Jakarta;Berlaku
PER-16/PB/2016;2016|PER-16-PB-2016;PER-16-PB-2016;T-06;DJPb;16;2016;Tata Cara Pembayaran Uang Kompensasi/Penghargaan Bagi Ketua dan Anggota Komisi Pemilihan Umum, Ketua dan Anggota Komisi Pemilihan Umum Provinsi, dan Ketua dan Anggota Komisi Pemilihan Umum Kabupaten/Kota Sebagai Penyelenggara Pemilihan Umum Tahun 2009;01/03/2016;01/03/2016;Jakarta;Berlaku
PER-17/PB/2016;2016|PER-17-PB-2016;PER-17-PB-2016;T-06;DJPb;17;2016;Petunjuk Pelaksanaan Pembayaran Tunjangan Kinerja Pegawai di Lingkungan Kementerian Lingkungan Hidup dan Kehutanan;10/03/2016;10/03/2016;Jakarta;Berlaku
PER-18/PB/2016;2016|PER-18-PB-2016;PER-18-PB-2016;T-06;DJPb;18;2016;Uji Coba Pembayaran Secara Elektronik (Cash Management System/Internet Banking) pada Rekening Pengeluaran Satuan Kerja Lingkup Direktorat Jenderal Perbendaharaan;01/04/2016;01/04/2016;Jakarta;Berlaku
PER-19/PB/2016;2016|PER-19-PB-2016;PER-19-PB-2016;T-06;DJPb;19;2016;Perlakuan Akuntansi atas Selisih Kurs Pada Rekening Milik Bendahara Umum Negara;19/04/2016;19/04/2016;Jakarta;Berlaku
PER-20/PB/2016;2016|PER-20-PB-2016;PER-20-PB-2016;T-06;DJPb;20;2016;Tata Kelola Pelaksanaan Tugas Unit Kepatuhan Internal di Lingkungan Direktorat Jenderal Perbendaharaan;21/04/2016;21/04/2016;Jakarta;Berlaku
PER-21/PB/2016;2016|PER-21-PB-2016;PER-21-PB-2016;T-06;DJPb;21;2016;Petunjuk Teknis Pelaksanaan User Acceptance Test Atas Sistem Interkoneksi Dalam Rangka Penyaluran Gaji Melalui Rekening Pegawai Negeri Sipil/Prajurit Tentara Nasional Indonesia/Anggota Kepolisian Republik Indonesia pada Bank Umum Secara Terpusat;29/04/2016;29/04/2016;Jakarta;Berlaku
PER-22/PB/2016;2016|PER-22-PB-2016;PER-22-PB-2016;T-06;DJPb;22;2016;Tata Cara Pengajuan Rancangan Peraturan Pemerintah, Rancangan Peraturan Presiden, Rangcangan Peraturan Mentei Keuangan, Rancangan Keputusdan Menteri Keuangan, dan Peraturan, Keputusan, dan Surat Edaran Direktur Jenderal Perbendaharaan;29/04/2016;29/04/2016;Jakarta;Berlaku
PER-23/PB/2016;2016|PER-23-PB-2016;PER-23-PB-2016;T-06;DJPb;23;2016;Petunjuk Pelaksanaan Pembayaran Tunjangan Kinerja Pegawai di Lingkungan Badan Koordinasi Penanaman Modal;20/05/2016;20/05/2016;Jakarta;Berlaku
PER-24/PB/2016;2016|PER-24-PB-2016;PER-24-PB-2016;T-06;DJPb;24;2016;Petunjuk Teknis Revisi Anggaran pada Direktorat Jenderal Perbendaharaan dan Revisi Anggaran Badan Layanan Umum Tahun Anggaran 2016;27/05/2016;27/05/2016;Jakarta;Dicabut
PER-25/PB/2016;2016|PER-25-PB-2016;PER-25-PB-2016;T-06;DJPb;25;2016;Petunjuk Pelaksanaan Pembayaran Tunjangan Kinerja Pegawai di Lingkungan Badan Pengkajian dan Penerapan Teknologi;10/06/2016;10/06/2016;Jakarta;Berlaku
PER-26/PB/2016;2016|PER-26-PB-2016;PER-26-PB-2016;T-06;DJPb;26;2016;Petunjuk Pelaksanaan Pembayaran Tunjangan Kinerja Pegawai di Lingkungan Sekretariat Jenderal Dewan Ketahanan Nasional;10/06/2016;10/06/2016;Jakarta;Berlaku
PER-27/PB/2016;2016|PER-27-PB-2016;PER-27-PB-2016;T-06;DJPb;27;2016;Petunjuk Pelaksanaan Pembayaran Tunjangan Kinerja Pegawai di Lingkungan Kementerian Riset, Teknologi, dan Pendidikan Tinggi;10/06/2016;10/06/2016;Jakarta;Berlaku
PER-28/PB/2016;2016|PER-28-PB-2016;PER-28-PB-2016;T-06;DJPb;28;2016;Petunjuk Pelaksanaan Pembayaran Tunjangan Kinerja Pegawai di Lingkungan Kementerian Badan Pengawas Tenaga Nuklir;10/06/2016;10/06/2016;Jakarta;Berlaku
PER-29/PB/2016;2016|PER-29-PB-2016;PER-29-PB-2016;T-06;DJPb;29;2016;Petunjuk Pelaksanaan Pembayaran Tunjangan Kinerja Pegawai di Lingkungan Kementerian Desa, Pembangunan Daerah Tertinggal, dan Transmigrasi;15/06/2016;15/06/2016;Jakarta;Dicabut
PER-30/PB/2016;2016|PER-30-PB-2016;PER-30-PB-2016;T-06;DJPb;30;2016;Petunjuk Teknis Penempatan Uang Negara pada Bank Umum;27/06/2016;27/06/2016;Jakarta;Dicabut
PER-31/PB/2016;2016|PER-31-PB-2016;PER-31-PB-2016;T-06;DJPb;31;2016;Tata Cara Pembayaran Penghasilan bagi Pegawai Pemerintah Non Pegawai Negeri yang Dibebankan pada Anggaran Pendapatan dan Belanja Negara;29/06/2016;29/06/2016;Jakarta;Berlaku
PER-32/PB/2016;2016|PER-32-PB-2016;PER-32-PB-2016;T-06;DJPb;32;2016;Perubahan Kedua Atas Peraturan Direktur Jenderal Perbendaharaan Nomor PER-22/PB/2014 tentang Tata Cara Pengelolaan Rekening Kas Saldo Anggaran Lebih;18/07/2016;18/07/2016;Jakarta;Berlaku
PER-33/PB/2016;2016|PER-33-PB-2016;PER-33-PB-2016;T-06;DJPb;33;2016;Perubahan Atas Peraturan Direktur Jenderal Perbendaharaan Nomor PER-19/PB/2015 tentang Tata Cara Pencairan dan Pertanggungjawaban Dana Belanja Pensiun yang dilaksanakan oleh PT Taspen (Persero) dan PT Asabri (Persero);18/07/2016;18/07/2016;Jakarta;Berlaku
PER-34/PB/2016;2016|PER-34-PB-2016;PER-34-PB-2016;T-06;DJPb;34;2016;Peraturan Direktur Jenderal Perbendaharaan tentang Pelaksanaan Pemilihan Bank Penyimpan Dana Reboisasi;19/07/2016;19/07/2016;Jakarta;Dicabut
PER-35/PB/2016;2016|PER-35-PB-2016;PER-35-PB-2016;T-06;DJPb;35;2016;Perubahan Kedua Atas Peraturan Direktur Jenderal Perbendaharaan Nomor PER-33/PB/2014 tentang Pedoman Penilaian Kinerja Badan Layanan Umum Bidang Layanan Lainnya;25/07/2016;25/07/2016;Jakarta;Berlaku
PER-36/PB/2016;2016|PER-36-PB-2016;PER-36-PB-2016;T-06;DJPb;36;2016;Pedoman Penilaian Kinerja Badan Layanan Umum Bidang Layanan Kesehatan;28/09/2016;28/09/2016;Jakarta;Dicabut
PER-37/PB/2016;2016|PER-37-PB-2016;PER-37-PB-2016;T-06;DJPb;37;2016;Petunjuk Teknis Sertifikasi Bendahara pada Satuan Kerja Pengelola Anggaran Pendapatan dan Belanja Negara;06/10/2016;06/10/2016;Jakarta;Dicabut
PER-38/PB/2016;2016|PER-38-PB-2016;PER-38-PB-2016;T-06;DJPb;38;2016;Pembinaan Pengelola Perbendaharaan (Treasury Management Representative);07/10/2016;07/10/2016;Jakarta;Dicabut
PER-39/PB/2016;2016|PER-39-PB-2016;PER-39-PB-2016;T-06;DJPb;39;2016;Perubahan atas Peraturan Direktur Jenderal Perbendaharaan Nomor PER-3/PB/2016 tentang Petunjuk Pencairan, Pembebanan, dan Pertanggungjawaban Dana Pinjaman dan/atau Hibah Luar Negeri melalui Mekanisme Rekening Khusus;07/10/2016;07/10/2016;Jakarta;Berlaku
PER-40/PB/2016;2016|PER-40-PB-2016;PER-40-PB-2016;T-06;DJPb;40;2016;Peraturan Direktur Jenderal Perbendaharaan tentang Perubahan Ketiga atas Peraturan Direktur Jenderal Perbendaharaan Nomor PER-57/PB/2010 tentang Tata Cara Penerbitan Surat Perintah Membayar dan Surat Perintah Pencairan Dana;12/10/2016;12/10/2016;Jakarta;Berlaku
PER-41/PB/2016;2016|PER-41-PB-2016;PER-41-PB-2016;T-06;DJPb;41;2016;Pelaksanaan Piloting Sentralisasi Pembayaran Gaji Untuk Pegawai Lingkup Direktorat Jenderal Perbendaharaan;19/10/2016;19/10/2016;Jakarta;Dicabut
PER-42/PB/2016;2016|PER-42-PB-2016;PER-42-PB-2016;T-06;DJPb;42;2016;Petunjuk Pelaksanaan Pembayaran Tunjangan Kinerja Pegawai di lingkungan Badan Intelijen Negara;19/10/2016;19/10/2016;Jakarta;Berlaku
PER-43/PB/2016;2016|PER-43-PB-2016;PER-43-PB-2016;T-06;DJPb;43;2016;Pelaksanaan Pemilihan Bank Penyimpan Dana Reboisasi;21/10/2016;21/10/2016;Jakarta;Dicabut
PER-44/PB/2016;2016|PER-44-PB-2016;PER-44-PB-2016;T-06;DJPb;44;2016;Pedoman Pelaksanaan Penerimaan dan Pengeluaran Negara pada Akhir Tahun Anggaran 2016;31/10/2016;31/10/2016;Jakarta;Berlaku
PER-45/PB/2016;2016|PER-45-PB-2016;PER-45-PB-2016;T-06;DJPb;45;2016;Petunjuk Teknis Penukaran Uang Negara dalam Valuta Asing di Bank Indonesia;08/11/2016;08/11/2016;Jakarta;Berlaku
PER-46/PB/2016;2016|PER-46-PB-2016;PER-46-PB-2016;T-06;DJPb;46;2016;Perubahan Atas Peraturan Direktur Jenderal Perbendaharan Nomor PER- 22/PB/2015 tentang Tata Cara Pengajuan Rancangan Peraturan Pemerintah, Rancangan Peraturan Presiden, Rancangan Peraturan Menteri Keuangan, Rancangan Keputusan Menteri Keuangan, dan Peraturan, Keputusan, dan Surat Edaran Direktur Jenderal Perbendaharaan;15/11/2016;15/11/2016;Jakarta;Berlaku
PER-47/PB/2016;2016|PER-47-PB-2016;PER-47-PB-2016;T-06;DJPb;47;2016;Petunjuk Pelaksanaan Pembayaran Tunjangan Kinerja Pegawai di Lingkungan Kementerian Lingkungan Hidup dan Kehutanan;15/11/2016;15/11/2016;Jakarta;Berlaku
PER-48/PB/2016;2016|PER-48-PB-2016;PER-48-PB-2016;T-06;DJPb;48;2016;Perubahan Atas Peraturan Direktur Jenderal Perbendaharaan Nomor PER-7/PB/2015 Tentang Pedoman Pembinaan Pengelolaan Keuangan Badan Layanan Umum;17/11/2016;17/11/2016;Jakarta;Berlaku
PER-49/PB/2016;2016|PER-49-PB-2016;PER-49-PB-2016;T-06;DJPb;49;2016;Perubahan Atas Peraturan Direktur Jenderal Perbendaharaan Nomor PER-44/PB/2016 tentang Pedoman Pelaksanaan Penerimaan dan Pengeluaran Negara pada Akhir Tahun Anggaran 2016;09/12/2016;09/12/2016;Jakarta;Berlaku
PER-50/PB/2016;2016|PER-50-PB-2016;PER-50-PB-2016;T-06;DJPb;50;2016;Pedoman Umum Pelaksanaan Tugas Manajemen Satuan Kerja pada Kantor Pelayanan Perbendaharaan Negara;13/12/2016;13/12/2016;Jakarta;Berlaku
PER-51/PB/2016;2016|PER-51-PB-2016;PER-51-PB-2016;T-06;DJPb;51;2016;Perubahan Atas Peraturan Direktur Jenderal Perbendaharaan Nomor PER-40/PB/2015 tentang Tata Cara Perhitungan dan Pelaporan Saldo Anggaran Lebih;21/12/2016;21/12/2016;Jakarta;Berlaku
PER-52/PB/2016;2016|PER-52-PB-2016;PER-52-PB-2016;T-06;DJPb;52;2016;Petunjuk Pelaksanaan Pembayaran Tunjangan Kinerja Pegawai di Lingkungan Kementerian Pariwisata;23/12/2016;23/12/2016;Jakarta;Berlaku
PER-53/PB/2016;2016|PER-53-PB-2016;PER-53-PB-2016;T-06;DJPb;53;2016;Pedoman Penggunaan Aplikasi Badan Layanan Umum Integrated Online System;28/12/2016;28/12/2016;Jakarta;Berlaku
PER-54/PB/2016;2016|PER-54-PB-2016;PER-54-PB-2016;T-06;DJPb;54;2016;Petunjuk Pelaksanaan Pembayaran Tunjangan Kinerja Pegawai di Lingkungan Kementerian Komunikasi dan Informatika;30/12/2016;30/12/2016;Jakarta;Berlaku
PER-55/PB/2016;2016|PER-55-PB-2016;PER-55-PB-2016;T-06;DJPb;55;2016;Tata Cara Pelaksanaan Pembayaran Beban Suku Bunga Negatif;30/12/2016;30/12/2016;Jakarta;Dicabut
PER-56/PB/2016;2016|PER-56-PB-2016;PER-56-PB-2016;T-06;DJPb;56;2016;Pedoman Analisis Laporan Keuangan Unit Akuntansi dan Pelaporan Keuangan Kuasa Bendahara Umum Negara Tingkat Kantor Pelayanan Perbendaharaan Negara dan Unit Akuntansi dan Pelaporan Keuangan Koordinator Kuasa Bendahara Umum Negara Tingkat Kantor Wilayah;30/12/2016;30/12/2016;Jakarta;Berlaku
PER-1/PB/2015;2015|PER-1-PB-2015;PER-1-PB-2015;T-06;DJPb;1;2015;Langkah-Langkah Operasionalisasi Kantor Pelayanan Perbendaharaan Negara Khusus Investasi;02/01/2015;02/01/2015;Jakarta;Berlaku
PER-2/PB/2015;2015|PER-2-PB-2015;PER-2-PB-2015;T-06;DJPb;2;2015;Perubahan Atas Peraturan Direktur Jenderal Perbendaharaan Nomor PER-30/PB/2011 tentang Mekanisme Pengesahan Pendapatan dan Belanja Satuan Kerja Badan Layanan Umum;13/01/2015;13/01/2015;Jakarta;Berlaku
PER-3/PB/2015;2015|PER-3-PB-2015;PER-3-PB-2015;T-06;DJPb;3;2015;Perubahan Kelima Atas Peraturan Direktur Jenderal Perbendaharaan Nomor PER-67/PB/2011 tentang Tunjangan Beras dalam Bentuk Natura dan Uang;10/02/2015;10/02/2015;Jakarta;Berlaku
PER-4/PB/2015;2015|PER-4-PB-2015;PER-4-PB-2015;T-06;DJPb;4;2015;Petunjuk Pelaksanaan Pencairan Dana Pinjaman Islamic Development Bank Nomor IND-167 untuk Community Based Sanitation Program (SANIMAS);23/02/2015;23/02/2015;Jakarta;Berlaku
PER-5/PB/2015;2015|PER-5-PB-2015;PER-5-PB-2015;T-06;DJPb;5;2015;Mekanisme Pembatalan Surat Perintah Pencairan Dana dan Surat Pengesahan pada Sistem Perbendaharaan dan Anggaran Negara;09/03/2015;09/03/2015;Jakarta;Berlaku
PER-6/PB/2015;2015|PER-6-PB-2015;PER-6-PB-2015;T-06;DJPb;6;2015;Mekanisme Pelaksanaan Pengalihan Pengelolaan Administrasi Belanja Pegawai Dari Kantor Pelayanan Perbendaharaan Negara kepada Satuan Kerja dan Tata Cara Pengajuan Surat Perintah Membayar (SPM) Belanja Pegawai di Lingkungan Kementerian Pertahanan dan Tentara Nasional Indonesia;10/03/2015;10/03/2015;Jakarta;Berlaku
PER-7/PB/2015;2015|PER-7-PB-2015;PER-7-PB-2015;T-06;DJPb;7;2015;Pedoman Pembinaan Pengelolaan Keuangan Badan Layanan Umum;13/03/2015;13/03/2015;Jakarta;Berlaku
PER-8/PB/2015;2015|PER-8-PB-2015;PER-8-PB-2015;T-06;DJPb;8;2015;Petunjuk Pelaksanaan Pencairan Dana Pinjaman Asian Development Bank Nomor 3122-INO Neighborhood Upgranding and Shelter Project Phase 2;18/03/2015;18/03/2015;Jakarta;Berlaku
PER-9/PB/2015;2015|PER-9-PB-2015;PER-9-PB-2015;T-06;DJPb;9;2015;Petunjuk Teknis Revisi Anggaran pada Direktorat Jenderal Perbendaharaan dan Revisi Anggaran Badan Layanan Umum Tahun Anggaran 2015;20/03/2015;20/03/2015;Jakarta;Dicabut
PER-10/PB/2015;2015|PER-10-PB-2015;PER-10-PB-2015;T-06;DJPb;10;2015;Petunjuk Pelaksanaan Pencairan Dana Hibah Program Second Kennedy Round (CF-SKR);31/03/2015;31/03/2015;Jakarta;Berlaku
PER-11/PB/2015;2015|PER-11-PB-2015;PER-11-PB-2015;T-06;DJPb;11;2015;Perubahan Atas Peraturan Direktur Jenderal Perbendaharaan Nomor PER-7/PB/2012 tentang Tata Cara Pembentukan dan/atau Penutupan Layanan Filial dan Layanan Mobile Kantor Pelayanan Perbendaharaan Negara;14/04/2015;14/04/2015;Jakarta;Berlaku
PER-12/PB/2015;2015|PER-12-PB-2015;PER-12-PB-2015;T-06;DJPb;12;2015;Perubahan Atas Peraturan Direktur Jenderal Perbendaharaan Nomor PER-10/PB/2014 tentang Mekanisme Pelaksanaan Transformasi Direktorat Jenderal Perbendaharaan Tahun 2014-2015;21/04/2015;21/04/2015;Jakarta;Berlaku
PER-13/PB/2015;2015|PER-13-PB-2015;PER-13-PB-2015;T-06;DJPb;13;2015;Perubahan Atas Peraturan Direktur Jenderal Perbendaharaan Nomor PER-22/PB/2014 tentang Tata Cara Pengelolaan Rekening Kas Saldo Anggaran Lebih;27/04/2015;27/04/2015;Jakarta;Berlaku
PER-14/PB/2015;2015|PER-14-PB-2015;PER-14-PB-2015;T-06;DJPb;14;2015;Peraturan Direktur Jenderal Perbendaharaan tentang Petunjuk Pelaksanaan Pencairan Dana Hibah Counterpart Fund Non Project Type Grand AID 2002 dari Pemerintah Jepang untuk Kegiatan Pembangunan Pusat Marabahaya Laut Global Maritime Distress Safety System;28/04/2015;28/04/2015;Jakarta;Berlaku
PER-15/PB/2015;2015|PER-15-PB-2015;PER-15-PB-2015;T-06;DJPb;15;2015;Tata Cara Pembayaran Pajak Penghasilan Non Migas Dalam Mata Uang Dollar Amerika Serikat;19/06/2015;19/06/2015;Jakarta;Berlaku
PER-16/PB/2015;2015|PER-16-PB-2015;PER-16-PB-2015;T-06;DJPb;16;2015;Pedoman Umum Pelaksanaan Tugas Kantor Wilayah Direktorat Jenderal Perbendaharaan di Bidang Perimbangan Keuangan;13/07/2015;13/07/2015;Jakarta;Berlaku
PER-17/PB/2015;2015|PER-17-PB-2015;PER-17-PB-2015;T-06;DJPb;17;2015;Tata Cara Pelaksanaan Pembayaran Imbal Jasa Pelayanan Bank/Pos Persepsi dan Penggantian Biaya Pelimpahan Bank Persepsi Mata Uang Asing;23/07/2015;23/07/2015;Jakarta;Dicabut
PER-18/PB/2015;2015|PER-18-PB-2015;PER-18-PB-2015;T-06;DJPb;18;2015;Perlakuan Akuntansi Terkait Pencatatan Refund kepada Pemberi Pinjaman dan/atau Hibah Luar Negeri;04/08/2015;04/08/2015;Jakarta;Berlaku
PER-19/PB/2015;2015|PER-19-PB-2015;PER-19-PB-2015;T-06;DJPb;19;2015;Tata Cara Pencairan Dana Pertanggungjawaban Pensiun yang Dilaksanakan oleh PT Taspen (Persero) dan PT Asabri (Persero);19/08/2015;19/08/2015;Jakarta;Berlaku
PER-20/PB/2015;2015|PER-20-PB-2015;PER-20-PB-2015;T-06;DJPb;20;2015;Transisi Pelaksanaan Tugas dan Fungsi Organisasi Kantor Pusat Direktorat Jenderal Perbendaharaan;30/09/2015;30/09/2015;Jakarta;Berlaku
PER-21/PB/2015;2015|PER-21-PB-2015;PER-21-PB-2015;T-06;DJPb;21;2015; Perubahan Atas Peraturan Direktur Jenderal Perbendaharaan Nomor PER-32/PB/2014 tentang Pedoman Penilaian Kinerja Badan Layanan Umum Bidang Layanan Pendidikan;30/09/2015;30/09/2015;Jakarta;Berlaku
PER-22/PB/2015;2015|PER-22-PB-2015;PER-22-PB-2015;T-06;DJPb;22;2015;Perubahan Atas Peraturan Direktur Jenderal Perbendaharaan Nomor PER-33/PB/2014 tentang Pedoman Penilaian Kinerja Badan Layanan Umum Bidang Layanan Lainnya;30/09/2015;30/09/2015;Jakarta;Berlaku
PER-23/PB/2015;2015|PER-23-PB-2015;PER-23-PB-2015;T-06;DJPb;23;2015;Perubahan Atas Peraturan Direktur Jenderal Perbendaharaan Nomor PER-34/PB/2014 tentang Pedoman Penilaian Kinerja Badan Layanan Umum Bidang Layanan Kesehatan;30/09/2015;30/09/2015;Jakarta;Berlaku
PER-24/PB/2015;2015|PER-24-PB-2015;PER-24-PB-2015;T-06;DJPb;24;2015;Peraturan Direktur Jenderal Perbendaharaan tentang Pedoman Pelaksanaan Penerimaan dan Pengeluaran Negara pada Akhir Tahun Anggaran 2015;02/10/2015;02/10/2015;Jakarta;Berlaku
PER-25/PB/2015;2015|PER-25-PB-2015;PER-25-PB-2015;T-06;DJPb;25;2015;Petunjuk Pelaksanaan Pembayaran Tunjangan Kinerja Pegawai di Lingkungan Kementerian Energi dan Sumber Daya Mineral;18/11/2015;18/11/2015;Jakarta;Berlaku
PER-26/PB/2015;2015|PER-26-PB-2015;PER-26-PB-2015;T-06;DJPb;26;2015;Prosedur Penyusunan Laporan Keuangan Pemerintah Pusat;19/11/2015;19/11/2015;Jakarta;Berlaku
PER-27/PB/2015;2015|PER-27-PB-2015;PER-27-PB-2015;T-06;DJPb;27;2015;Petunjuk Pelaksanaan Pembayaran Tunjangan Kinerja Pegawai di Lingkungan Kementerian Perhubungan;27/11/2015;27/11/2015;Jakarta;Berlaku
PER-28/PB/2015;2015|PER-28-PB-2015;PER-28-PB-2015;T-06;DJPb;28;2015;Petunjuk Pelaksanaan Pembayaran Tunjangan Kinerja Pegawai di Lingkungan Lembaga Administrasi Negara;27/11/2015;27/11/2015;Jakarta;Berlaku
PER-29/PB/2015;2015|PER-29-PB-2015;PER-29-PB-2015;T-06;DJPb;29;2015;Petunjuk Pelaksanaan Pembayaran Tunjangan Kinerja Pegawai di Lingkungan Badan Pusat Statistik;03/12/2015;03/12/2015;Jakarta;Berlaku
PER-30/PB/2015;2015|PER-30-PB-2015;PER-30-PB-2015;T-06;DJPb;30;2015;Pedoman Penggunaan Sistem Informasi Kredit Program;03/12/2015;03/12/2015;Jakarta;Berlaku
PER-31/PB/2015;2015|PER-31-PB-2015;PER-31-PB-2015;T-06;DJPb;31;2015;Petunjuk Pelaksanaan Pembayaran Tunjangan Kinerja Pegawai di Lingkungan Badan Meteorologi, Klimatologi, dan Geofisika;07/12/2015;07/12/2015;Jakarta;Berlaku
PER-32/PB/2015;2015|PER-32-PB-2015;PER-32-PB-2015;T-06;DJPb;32;2015;Petunjuk Pelaksanaan Pembayaran Tunjangan Kinerja Pegawai di Lingkungan Arsip Nasional Republik Indonesia;07/12/2015;07/12/2015;Jakarta;Berlaku
PER-33/PB/2015;2015|PER-33-PB-2015;PER-33-PB-2015;T-06;DJPb;33;2015;Petunjuk Pelaksanaan Pembayaran Tunjangan Kinerja Pegawai di Lingkungan Badan Tenaga Nuklir Nasional;07/12/2015;07/12/2015;Jakarta;Berlaku
PER-34/PB/2015;2015|PER-34-PB-2015;PER-34-PB-2015;T-06;DJPb;34;2015;Petunjuk Pelaksanaan Pembayaran Tunjangan Kinerja Pegawai di Lingkungan Kementerian Perdagangan;08/12/2015;08/12/2015;Jakarta;Berlaku
PER-35/PB/2015;2015|PER-35-PB-2015;PER-35-PB-2015;T-06;DJPb;35;2015;Petunjuk Pelaksanaan Pembayaran Tunjangan Kinerja Pegawai di Lingkungan Kementerian Kelautan dan Perikanan;08/12/2015;08/12/2015;Jakarta;Berlaku
PER-36/PB/2015;2015|PER-36-PB-2015;PER-36-PB-2015;T-06;DJPb;36;2015;Petunjuk Teknis Penempatan Uang Negara pada Bank Umum;21/12/2015;21/12/2015;Jakarta;Berlaku
PER-37/PB/2015;2015|PER-37-PB-2015;PER-37-PB-2015;T-06;DJPb;37;2015;Uji Coba Penerapan Treasury Single Account pada Rekening Bendahara Pengeluaran;21/12/2015;21/12/2015;Jakarta;Berlaku
PER-38/PB/2015;2015|PER-38-PB-2015;PER-38-PB-2015;T-06;DJPb;38;2015;Petunjuk Pelaksanaan Pembayaran Tunjangan Kinerja Pegawai di Lingkungan Lembaga Ilmu Pengetahuan Indonesia;28/12/2015;28/12/2015;Jakarta;Berlaku
PER-39/PB/2015;2015|PER-39-PB-2015;PER-39-PB-2015;T-06;DJPb;39;2015;Petunjuk Teknis Penyaluran Dana SP2D dalam Valuta Asing kepada Perwakilan Republik Indonesia di Luar Negeri pada Bank Indonesia;28/12/2015;28/12/2015;Jakarta;Berlaku
PER-40/PB/2015;2015|PER-40-PB-2015;PER-40-PB-2015;T-06;DJPb;40;2015;Tata Cara Perhitungan dan Pelaporan Saldo Anggaran Lebih;30/12/2015;30/12/2015;Jakarta;Berlaku
PER-41/PB/2015;2015|PER-41-PB-2015;PER-41-PB-2015;T-06;DJPb;41;2015;Petunjuk Pelaksanaan Pembayaran Tunjangan Kinerja Pegawai di Lingkungan Kementerian Pendidikan dan Kebudayaan;31/12/2015;31/12/2015;Jakarta;Berlaku
PER-42/PB/2015;2015|PER-42-PB-2015;PER-42-PB-2015;T-06;DJPb;42;2015;Petunjuk Pelaksanaan Pembayaran Tunjangan Kinerja Pegawai di Lingkungan Kementerian Luar Negeri;31/12/2015;31/12/2015;Jakarta;Berlaku
PER-43/PB/2015;2015|PER-43-PB-2015;PER-43-PB-2015;T-06;DJPb;43;2015;Pedoman Akuntansi Penyisihan Piutang Tidak Tertagih pada Kementerian Negara/Lembaga;31/12/2015;31/12/2015;Jakarta;Berlaku
PER-44/PB/2015;2015|PER-44-PB-2015;PER-44-PB-2015;T-06;DJPb;44;2015;Mekanisme Percepatan Penyelesaian Retur Surat Perintah Pencairan Dana;31/12/2015;31/12/2015;Jakarta;Berlaku
PER-45/PB/2015;2015|PER-45-PB-2015;PER-45-PB-2015;T-06;DJPb;45;2015;Jurnal Detail pada Akuntansi Pemerintah Pusat;31/12/2015;31/12/2015;Jakarta;Berlaku
PER-1/PB/2014;2014|PER-1-PB-2014;PER-1-PB-2014;T-06;DJPb;1;2014;Langkah-Langkah Operasionalisasi Kantor Wilayah Direktorat Jenderal Perbendaharaan Provinsi Kepulauan Riau, Kantor Wilayah Direktorat Jenderal Perbendaharaan Provinsi Sulawesi Barat, Kantor Wilayah Direktorat Jenderal Perbendaharaan Provinsi Papua Barat;21/01/2014;21/01/2014;Jakarta;Berlaku
PER-2/PB/2014;2014|PER-2-PB-2014;PER-2-PB-2014;T-06;DJPb;2;2014;Perubahan Kedua atas Peraturan Direktur Jenderal Perbendaharaan Nomor PER-72/PB/2011 tentang Mekanisme Pengelolaan Dana Perhitungan Fihak Ketiga;03/02/2014;03/02/2014;Jakarta;Berlaku
PER-3/PB/2014;2014|PER-3-PB-2014;PER-3-PB-2014;T-06;DJPb;3;2014;Petunjuk Teknis Penatausahaan, Pembukuan dan Pertanggungjawaban Bendahara pada Satuan Kerja Pengelola Anggaran Pendapatan dan Belanja Negara serta Verifikasi LPJ Bendahara;03/02/2014;03/02/2014;Jakarta;Berlaku
PER-4/PB/2014;2014|PER-4-PB-2014;PER-4-PB-2014;T-06;DJPb;4;2014;Perubahan Atas Peraturan Direktur Jenderal Perbendaharaan Nomor PER-45/PB/2013 tentang Langkah-Langkah Operasionalisasi Kantor Pelayanan Perbendaharaan Negara Jakarta VI dan Kantor Pelayanan Perbendaharaan Negara Jakarta VII;18/02/2014;18/02/2014;Jakarta;Berlaku
PER-5/PB/2014;2014|PER-5-PB-2014;PER-5-PB-2014;T-06;DJPb;5;2014;Petunjuk Pelaksanaan Pencairan Dana Hibah International Bank For Reconstruction and Development No. TF 014993 untuk Extractive Industries Transparency Initiative in Indonesia (EITI) Phase 2/MDTF;27/02/2014;27/02/2014;Jakarta;Berlaku
PER-6/PB/2014;2014|PER-6-PB-2014;PER-6-PB-2014;T-06;DJPb;6;2014;Petunjuk Teknis Penatausahaan Revisi Anggaran pada Direktorat Jenderal Perbendaharaan dan Revisi Anggaran Badan Layanan Umum Tahun Anggaran 2014;05/03/2014;05/03/2014;Jakarta;Dicabut
PER-7/PB/2014;2014|PER-7-PB-2014;PER-7-PB-2014;T-06;DJPb;7;2014;Penatausahaan Penerimaan Negara pada Sistem Perbendaharaan dan Anggaran Negara;06/03/2014;06/03/2014;Jakarta;Berlaku
PER-8/PB/2014;2014|PER-8-PB-2014;PER-8-PB-2014;T-06;DJPb;8;2014;Petunjuk Pelaksanaan Pencairan Dana Hibah International Bank for Reconstruction and Development Nomor TF 015476 untuk Disaster Management Fund(DMF) for Community-Based Setlement Rehabilitation and Reconstruction Project in Central and West Java and Yogyakarta Special Region Third Additional Financing;07/03/2014;07/03/2014;Jakarta;Berlaku
PER-9/PB/2014;2014|PER-9-PB-2014;PER-9-PB-2014;T-06;DJPb;9;2014;Pedoman Pelaksana Uji Kompetensi Penetapan Kenaikan Jabatan dan Peringkat Luar Biasa bagi Pelaksana di Lingkungan Direktorat Jenderal Perbendaharaan;24/03/2014;24/03/2014;Jakarta;Berlaku
PER-10/PB/2014;2014|PER-10-PB-2014;PER-10-PB-2014;T-06;DJPb;10;2014;Mekanisme Pelaksana Transformasi Kelembagaan Direktorat Jenderal Perbendaharaan Tahun 2014-2025;03/04/2014;03/04/2014;Jakarta;Berlaku
PER-11/PB/2014;2014|PER-11-PB-2014;PER-11-PB-2014;T-06;DJPb;11;2014; Perubahan Atas Peraturan Bersama Direktur Jenderal Pengelolaan Utang dan Direktur Jenderal Perbendaharaan Nomor PER-10/PB/2010 dan Nomor PER-01/PU/2010 tentang Mekanisme Penggunaan Dokumen Sumber, Pencatatan, dan Rekonsiliasi Realisasi Penarikan dan Pembayaran Pinjaman dan/atau Hibah Luar Negeri;12/02/2014;12/02/2014;Jakarta;Berlaku
PER-12/PB/2014;2014|PER-12-PB-2014;PER-12-PB-2014;T-06;DJPb;12;2014;Petunjuk Pelaksana Pencairan Dana Hibah Asian Development Bank-Japan Fund For Poverty Reduction untuk Grant Assistance For Developing Sustainable Alternative Levelihoods in Coastal Fishing Communities in the Coral Triangle Indonesia and Philippines (JFPR Grant 9160);04/04/2014;04/04/2014;Jakarta;Berlaku
PER-13/PB/2014;2014|PER-13-PB-2014;PER-13-PB-2014;T-06;DJPb;13;2014;Mekanisme Pengembalian Penerimaan Negara Atas Kesalahan Perekaman/Pelimpahan pada Tahun Anggaran Berjalan oleh Kantor Pelayanan Perbendaharaan Negara yang telah Melaksanakan Sistem Perbendaharaan dan Anggaran Negara;21/04/2014;21/04/2014;Jakarta;Berlaku
PER-14/PB/2014;2014|PER-14-PB-2014;PER-14-PB-2014;T-06;DJPb;14;2014;Petunjuk Pelaksana Pencairan Dana Pinjaman Asian Development Bank 3094-INO dan Hibah 0379 (EF)-INO-Coral Reef Rehabilitation and Management Program-Coral Triangle Initiative (COREMAP-CTI);24/04/2014;24/04/2014;Jakarta;Berlaku
PER-15/PB/2014;2014|PER-15-PB-2014;PER-15-PB-2014;T-06;DJPb;15;2014;Petunjuk Pelaksana Pencairan Dana Hibah Asian Development Bank Nomor 0343-INO (EF) Polytechnic Education Development Project;14/05/2014;14/05/2014;Jakarta;Berlaku
PER-16/PB/2014;2014|PER-16-PB-2014;PER-16-PB-2014;T-06;DJPb;16;2014;Tata Cara Koreksi Data Transaksi Keuangan pada Sistem Perbendaharaan dan Anggaran Negara;11/06/2014;11/06/2014;Jakarta;Berlaku
PER-17/PB/2014;2014|PER-17-PB-2014;PER-17-PB-2014;T-06;DJPb;17;2014;Petunjuk Pelaksana Pencairan Dana Hibah International Bank For Reconstruction and Development No. TF-014361 PNPM Village Training Program Project;03/07/2014;03/07/2014;Jakarta;Berlaku
PER-18/PB/2014;2014|PER-18-PB-2014;PER-18-PB-2014;T-06;DJPb;18;2014;Petunjuk Pelaksana Pencairan Dana Pinjaman International Bank for Reconstruction and Development Nomor 8038-ID untuk Statistical Capacity Building-Change and Reform for The Development of Statistics (Statcap-Cerdas) Project;14/07/2014;14/07/2014;Jakarta;Berlaku
PER-19/PB/2014;2014|PER-19-PB-2014;PER-19-PB-2014;T-06;DJPb;19;2014;Petunjuk Pelaksana Pencairan Dana Hibah Australia Indonesia Infrastructure Grants for Pilot Program Provincial Road Improvement and Maintenance (PRIM) Grant Nomor 68377;15/07/2014;15/07/2014;Jakarta;Berlaku
PER-20/PB/2014;2014|PER-20-PB-2014;PER-20-PB-2014;T-06;DJPb;20;2014;Perubahan atas Peraturan Direktur Jenderal Perbendaharaan Nomor PER-23/PB/2013 tentang Petunjuk Pelaksanaan Pencairan Dana Pinjaman IBRD Nomor 8213-ID untuk National Community Empowerment Program in Urban Areas for 2012-2015;21/07/2014;21/07/2014;Jakarta;Berlaku
PER-21/PB/2014;2014|PER-21-PB-2014;PER-21-PB-2014;T-06;DJPb;21;2014;Mekanisme Penyesuaian Sisa Pagu Daftar Isian Pelaksanaan Anggaran Atas Setoran Pengembalian Belanja pada Pelaksanaan Sistem Perbendaharaan dan Anggaran Negara;22/07/2014;22/07/2014;Jakarta;Berlaku
PER-22/PB/2014;2014|PER-22-PB-2014;PER-22-PB-2014;T-06;DJPb;22;2014;Tata Cara Pengelolaan Rekening Kas Saldo Anggaran Lebih;23/07/2014;23/07/2014;Jakarta;Dicabut
PER-23/PB/2014;2014|PER-23-PB-2014;PER-23-PB-2014;T-06;DJPb;23;2014;Petunjuk Pelaksanaan Pencairan Dana Pinjaman Japan International Cooperation Agency Nomor IP-568 untuk Profesional Human Resource Development (PHRD) IV;13/08/2014;13/08/2014;Jakarta;Berlaku
PER-24/PB/2014;2014|PER-24-PB-2014;PER-24-PB-2014;T-06;DJPb;24;2014;Petunjuk Pelaksanaan Pencairan Dana Pinjaman Intenational Bank for Reconstruction and Development Nomor 8336-ID dan Hibah TF-015470 untuk Coral Reef Rehabilitation and Management Program-Coral Triangle Initiative (COREMAP-CTI) PROJECT;08/09/2014;08/09/2014;Jakarta;Berlaku
PER-25/PB/2014;2014|PER-25-PB-2014;PER-25-PB-2014;T-06;DJPb;25;2014;Petunjuk Pelaksanaan Pencairan Dana Pinjaman Japan International Cooperation Agency Nomor IP-564 untuk Rural Settlement Infrastructure and Kabupaten Strategic Area Development II;08/09/2014;08/09/2014;Jakarta;Berlaku
PER-26/PB/2014;2014|PER-26-PB-2014;PER-26-PB-2014;T-06;DJPb;26;2014;Penyusunan Laporan Keuangan Kuasa Bendahara Umum Negara pada masa Transisi Implementasi Sistem Perbendaharaan dan Anggaran Negara Tahun 2014;09/09/2014;09/09/2014;Jakarta;Berlaku
PER-27/PB/2014;2014|PER-27-PB-2014;PER-27-PB-2014;T-06;DJPb;27;2014;Tata Cara Pelaksanaan Pembayaran Imbalan Jasa Pelayanan Bank Persepsi/Devisa Persepsi/Pos Persepsi;12/09/2014;12/09/2014;Jakarta;Dicabut
PER-28/PB/2014;2014|PER-28-PB-2014;PER-28-PB-2014;T-06;DJPb;28;2014;Petunjuk Pelaksanaan Pencairan Dana Hibah Asian Development Bank Technical Assistance (TA) Nomor 8358-INO Minimum Service Standards Capacity Development Program (MSS CDP);18/09/2014;18/09/2014;Jakarta;Berlaku
PER-29/PB/2014;2014|PER-29-PB-2014;PER-29-PB-2014;T-06;DJPb;29;2014;Langkah-Langkah Operasionalisasi Kantor Pelayanan Perbendaharaan Khusus Penerimaan;01/10/2014;01/10/2014;Jakarta;Berlaku
PER-30/PB/2014;2014|PER-30-PB-2014;PER-30-PB-2014;T-06;DJPb;30;2014;Mekanisme Penyelesaian dan Penatausahaan Retur Surat Perintah Pencairan Dana dalam rangka Implementasi SPAN;06/10/2014;06/10/2014;Jakarta;Dicabut
PER-31/PB/2014;2014|PER-31-PB-2014;PER-31-PB-2014;T-06;DJPb;31;2014;Tata Cara Penunjukan Bank Operasional II dan Penyaluran Dana Surat Perintah Pencairan Dana Melalui Bank Operasioanal II;17/10/2014;17/10/2014;Jakarta;Berlaku
PER-32/PB/2014;2014|PER-32-PB-2014;PER-32-PB-2014;T-06;DJPb;32;2014;Pedoman Penilaian Kinerja Badan Layanan Umum Bidang Layanan Pendidikan;21/10/2014;21/10/2014;Jakarta;Dicabut
PER-33/PB/2014;2014|PER-33-PB-2014;PER-33-PB-2014;T-06;DJPb;33;2014;Peraturan Direktur Jenderal Perbendaharaan tentang Pedoman Penilaian Kinerja Badan Layanan Umum Bidang Layanan Lainnya;27/10/2014;27/10/2014;Jakarta;Dicabut
PER-34/PB/2014;2014|PER-34-PB-2014;PER-34-PB-2014;T-06;DJPb;34;2014;Peraturan Direktur Jenderal Perbendaharaan tentang Pedoman Penilaian Kinerja Badan Layanan Umum Bidang Layanan Kesehatan;28/10/2014;28/10/2014;Jakarta;Dicabut
PER-35/PB/2014;2014|PER-35-PB-2014;PER-35-PB-2014;T-06;DJPb;35;2014;Petunjuk Teknis Kopensasi Pelimpahan Penerimaan Negara pada Kantor Pelayanan Perbendaharaan Negara;04/11/2014;04/11/2014;Jakarta;Berlaku
PER-36/PB/2014;2014|PER-36-PB-2014;PER-36-PB-2014;T-06;DJPb;36;2014;Penunjukan Pelaksanaan Pencairan Dana Hibah International Bank for Reconstruction and Development No TF 016485 (Astae Grant for Clean Stove Initiative);10/11/2014;10/11/2014;Jakarta;Berlaku
PER-37/PB/2014;2014|PER-37-PB-2014;PER-37-PB-2014;T-06;DJPb;37;2014;Pedoman Pelaksanaan Penerimaan dan Pengeluaran Negara Akhir Tahun Anggaran 2014;11/11/2014;11/11/2014;Jakarta;Berlaku
PER-38/PB/2014;2014|PER-38-PB-2014;PER-38-PB-2014;T-06;DJPb;38;2014;Tata Cara Konsolidasi Data Transaksi Pelaksanaan Anggaran Dalam Menyusun Buku Merah untuk Masa Transisi Penerapan SPAN;11/11/2014;11/11/2014;Jakarta;Berlaku
PER-39/PB/2014;2014|PER-39-PB-2014;PER-39-PB-2014;T-06;DJPb;39;2014;Perubahan Ketiga Atas Peraturan Direktur Jenderal Perbendaharaan Nomor PER-72/PB/2011 tentang Mekanisme Pengelolaan Dana Perhitungan Fihak Ketiga;12/11/2014;12/11/2014;Jakarta;Berlaku
PER-40/PB/2014;2014|PER-40-PB-2014;PER-40-PB-2014;T-06;DJPb;40;2014;Pengelolaan Rekening Milik Bendahara Umum Negara melalui Sistem Bank Indonesia Government-Electronic Banking;21/11/2014;21/11/2014;Jakarta;Dicabut
PER-41/PB/2014;2014|PER-41-PB-2014;PER-41-PB-2014;T-06;DJPb;41;2014;Pengguna Aplikasi Online Monitoring SPAN;24/11/2014;24/11/2014;Jakarta;Dicabut
PER-42/PB/2014;2014|PER-42-PB-2014;PER-42-PB-2014;T-06;DJPb;42;2014;Pedoman Penyusunan Laporan Keuangan Kementerian Negara/Lembaga;22/12/2014;22/12/2014;Jakarta;Berlaku
PER-43/PB/2014;2014|PER-43-PB-2014;PER-43-PB-2014;T-06;DJPb;43;2014;Petunjuk Teknis Pelaksanaan User Acceptance Test (UAT) Sistem Penerimaan Negara secara Elektronik pada Bank Umum/Bank Persepsi/Pos Persepsi;31/12/2014;31/12/2014;Jakarta;Dicabut
PER-44/PB/2014;2014|PER-44-PB-2014;PER-44-PB-2014;T-06;DJPb;44;2014;Tata Cara Penerimaan dan Pembayaran Pajak Bumi dan Bngunan serta Penyaluran Dana Bagi Hasil Pajak Bumi dan Bangunan;31/12/2014;31/12/2014;Jakarta;Berlaku
PER-45/PB/2014;2014|PER-45-PB-2014;PER-45-PB-2014;T-06;DJPb;45;2014;Perlakuan Akuntansi Terkait Pencatatan Refund;31/12/2014;31/12/2014;Jakarta;Dicabut
PER-46/PB/2014;2014|PER-46-PB-2014;PER-46-PB-2014;T-06;DJPb;46;2014;Perubahan Atas Peraturan Direktur Jenderal Perbendaharaan Nomor PER-61/PB/2013 tentang Perlukuan Akuntansi Atas Selisih Kurs pada Rekening Milik Bendahara Umum Negara;31/12/2014;31/12/2014;Jakarta;Berlaku
PER-47/PB/2014;2014|PER-47-PB-2014;PER-47-PB-2014;T-06;DJPb;47;2014;Petunjuk Teknis Penatausahaan, Pembukuan, dan Pertanggungjawaban Bendahara pada Badan Layanan Umum serta Verifikasi dan Monitoring Laporan Pertanggungjawaban Bendahara pada Badan Layanan Umum;31/12/2014;01/01/2015;Jakarta;Berlaku
PER-48/PB/2014;2014|PER-48-PB-2014;PER-48-PB-2014;T-06;DJPb;48;2014;Perubahan Atas Peraturan Direktur Jenderal Perbendaharaan Nomor PER-26/PB/2014 tentang Penyusunan Laporan Keuangan Kuasa Bendahara Umum Negara pada Masa Transisi Implementasi Sistem Perbendaharaan dan Anggaran Negara Tahun 2014;31/12/2014;31/12/2014;Jakarta;Berlaku
PER-49/PB/2014;2014|PER-49-PB-2014;PER-49-PB-2014;T-06;DJPb;49;2014;Pedoman Penyusunan Laporan Keuangan Konsolidasian Bendahara Umum Negara Tahun 2014;31/12/2014;31/12/2014;Jakarta;Berlaku
PP 45 Tahun 2013;2013|PP-45-2013;PP-45-2013;T-02;Presiden;45;2013;;;;;
PMK 262/PMK.01/2016;2016|PMK-262-2016;PMK-262-2016;T-04;Kemenkeu;262;2016;;;;;
PMK 188/PMK.05/2017;2017|PMK-188-2017;PMK-188-2017;T-04;Kemenkeu;188;2017;;;;;
PMK 62 Tahun 2023;2023|PMK-62-2023;PMK-62-2023;T-04;Kemenkeu;62;2023;;;;;
PP 50 Tahun 2018;2018|PP-50-2018;PP-50-2018;T-02;Presiden;50;2018;;;;;
PMK 158/PMK.05/2022;2022|PMK-158-2022;PMK-158-2022;T-04;Kemenkeu;158;2022;;;;;
PMK 100 Tahun 2024;2024|PMK-100-2024;PMK-100-2024;T-04;Kemenkeu;100;2024;;;;;
PMK 191/PMK.01/2018;2018|PMK-191-2018;PMK-191-2018;T-04;Kemenkeu;191;2018;;;;;
PMK 216/PMK.01/2018;2018|PMK-216-2018;PMK-216-2018;T-04;Kemenkeu;216;2018;;;;;
PMK 146/PMK.01/2020;2020|PMK-146-2020;PMK-146-2020;T-04;Kemenkeu;146;2020;;;;;
PMK 224/PMK.01/2020;2020|PMK-224-2020;PMK-224-2020;T-04;Kemenkeu;224;2020;;;;;
PMK 123 Tahun 2023;2023|PMK-123-2023;PMK-123-2023;T-04;Kemenkeu;123;2023;;;;;
PMK 38 Tahun 2025;2025|PMK-38-2025;PMK-38-2025;T-04;Kemenkeu;38;2025;;;;;
PMK 191 Tahun 2025;2025|PMK-191-2025;PMK-191-2025;T-04;Kemenkeu;191;2025;;;;;
PMK 182/PMK.01/2020;2020|PMK-182-2020;PMK-182-2020;T-04;Kemenkeu;182;2020;;;;;
PMK 171/PMK.05/2020;2020|PMK-171-2020;PMK-171-2020;T-04;Kemenkeu;171;2020;;;;;
PMK 229/PMK.05/2012;2012|PMK-229-2012;PMK-229-2012;T-04;Kemenkeu;229;2012;;;;;
PMK 163 Tahun 2023;2023|PMK-163-2023;PMK-163-2023;T-04;Kemenkeu;163;2023;;;;;
PMK 14 Tahun 2024;2024|PMK-14-2024;PMK-14-2024;T-04;Kemenkeu;14;2024;;;;;
PMK 25 Tahun 2024;2024|PMK-25-2024;PMK-25-2024;T-04;Kemenkeu;25;2024;;;;;
PMK 33 Tahun 2024;2024|PMK-33-2024;PMK-33-2024;T-04;Kemenkeu;33;2024;;;;;
PMK 67 Tahun 2024;2024|PMK-67-2024;PMK-67-2024;T-04;Kemenkeu;67;2024;;;;;
PMK 91 Tahun 2024;2024|PMK-91-2024;PMK-91-2024;T-04;Kemenkeu;91;2024;;;;;
PMK 124 Tahun 2024;2024|PMK-124-2024;PMK-124-2024;T-04;Kemenkeu;124;2024;;;;;
PMK 119 Tahun 2025;2025|PMK-119-2025;PMK-119-2025;T-04;Kemenkeu;119;2025;;;;;
PMK 7 Tahun 2026;2026|PMK-7-2026;PMK-7-2026;T-04;Kemenkeu;7;2026;;;;;
PMK 107 Tahun 2024;2024|PMK-107-2024;PMK-107-2024;T-04;Kemenkeu;107;2024;;;;;
PMK 88 Tahun 2025;2025|PMK-88-2025;PMK-88-2025;T-04;Kemenkeu;88;2025;;;;;
PMK 117 Tahun 2025;2025|PMK-117-2025;PMK-117-2025;T-04;Kemenkeu;117;2025;;;;;
PP 47 Tahun 2024;2024|PP-47-2024;PP-47-2024;T-02;Presiden;47;2024;;;;;
PMK 118/PMK.01/2021;2021|PMK-118-2021;PMK-118-2021;T-04;Kemenkeu;118;2021;;;;;
PMK 135 Tahun 2023;2023|PMK-135-2023;PMK-135-2023;T-04;Kemenkeu;135;2023;;;;;
PP 23 Tahun 2005;2005|PP-23-2005;PP-23-2005;T-02;Presiden;23;2005;;;;;
PMK 129/PMK.05/2020;2020|PMK-129-2020;PMK-129-2020;T-04;Kemenkeu;129;2020;;;;;
PP 74 Tahun 2012;2012|PP-74-2012;PP-74-2012;T-02;Presiden;74;2012;;;;;
PMK 182/PMK.05/2022;2022|PMK-182-2022;PMK-182-2022;T-04;Kemenkeu;182;2022;;;;;
PMK 126 Tahun 2024;2024|PMK-126-2024;PMK-126-2024;T-04;Kemenkeu;126;2024;;;;;
PMK 76 Tahun 2024;2024|PMK-76-2024;PMK-76-2024;T-04;Kemenkeu;76;2024;;;;;
KEP-348/PB/2015;2015|KEP-348-PB-2015;KEP-348-PB-2015;T-07;Direktur Jenderal;348;2015;;;;;
KEP-356/PB/2016;2016|KEP-356-PB-2016;KEP-356-PB-2016;T-07;Direktur Jenderal;356;2016;;;;;
PMK 22 Tahun 2025;2025|PMK-22-2025;PMK-22-2025;T-04;Kemenkeu;22;2025;;;;;
Perpres 16 Tahun 2018;2018|PERPRES-16-2018;PERPRES-16-2018;T-03;Presiden;16;2018;;;;;
Perpres 17 Tahun 2023;2023|PERPRES-17-2023;PERPRES-17-2023;T-03;Presiden;17;2023;;;;;
PMK 162/PMK.05/2013;2013|PMK-162-2013;PMK-162-2013;T-04;Kemenkeu;162;2013;;;;;
PMK 145/PMK.05/2017;2017|PMK-145-2017;PMK-145-2017;T-04;Kemenkeu;145;2017;;;;;
PMK 196/PMK.05/2018;2018|PMK-196-2018;PMK-196-2018;T-04;Kemenkeu;196;2018;;;;;
PMK 171/PMK.05/2021;2021|PMK-171-2021;PMK-171-2021;T-04;Kemenkeu;171;2021;;;;;
PMK 58/PMK.03/2022;2022|PMK-58-2022;PMK-58-2022;T-04;Kemenkeu;58;2022;;;;;
Perpres 46 Tahun 2025;2025|PERPRES-46-2025;PERPRES-46-2025;T-03;Presiden;46;2025;;;;;
PMK 230/PMK.05/2016;2016|PMK-230-2016;PMK-230-2016;T-04;Kemenkeu;230;2016;;;;;
PMK 97/PMK.05/2021;2021|PMK-97-2021;PMK-97-2021;T-04;Kemenkeu;97;2021;;;;;
PMK 158 Tahun 2023;2023|PMK-158-2023;PMK-158-2023;T-04;Kemenkeu;158;2023;;;;;
PMK 31 Tahun 2025;2025|PMK-31-2025;PMK-31-2025;T-04;Kemenkeu;31;2025;;;;;
Perpres 139 Tahun 2024;2024|PERPRES-139-2024;PERPRES-139-2024;T-03;Presiden;139;2024;;;;;
PMK 63 Tahun 2024;2024|PMK-63-2024;PMK-63-2024;T-04;Kemenkeu;63;2024;;;;;
PMK 90 Tahun 2024;2024|PMK-90-2024;PMK-90-2024;T-04;Kemenkeu;90;2024;;;;;
UU 1 Tahun 2004;2004|UU-1-2004;UU-1-2004;T-01;DPR/Presiden;1;2004;;;;;
PMK 41 Tahun 2025;2025|PMK-41-2025;PMK-41-2025;T-04;Kemenkeu;41;2025;;;;;
PMK 31 Tahun 2023;2023|PMK-31-2023;PMK-31-2023;T-04;Kemenkeu;31;2023;;;;;
PMK 113/PMK.05/2012;2012|PMK-113-2012;PMK-113-2012;T-04;Kemenkeu;113;2012;;;;;
PMK 225/PMK.05/2020;2020|PMK-225-2020;PMK-225-2020;T-04;Kemenkeu;225;2020;;;;;
PMK 119 Tahun 2023;2023|PMK-119-2023;PMK-119-2023;T-04;Kemenkeu;119;2023;;;;;
PP 39 Tahun 2007;2007|PP-39-2007;PP-39-2007;T-02;Presiden;39;2007;;;;;
PMK 90/PMK.05/2009;2009|PMK-90-2009;PMK-90-2009;T-04;Kemenkeu;90;2009;;;;;
PMK 147/PMK.05/2021;2021|PMK-147-2021;PMK-147-2021;T-04;Kemenkeu;147;2021;;;;;
PMK 250/PMK.05/2010;2010|PMK-250-2010;PMK-250-2010;T-04;Kemenkeu;250;2010;;;;;
PMK 163/PMK.05/2013;2013|PMK-163-2013;PMK-163-2013;T-04;Kemenkeu;163;2013;;;;;
PMK 214/PMK.05/2013;2013|PMK-214-2013;PMK-214-2013;T-04;Kemenkeu;214;2013;;;;;
PMK 154/PMK.05/2014;2014|PMK-154-2014;PMK-154-2014;T-04;Kemenkeu;154;2014;;;;;
PMK 160/PMK.05/2015;2015|PMK-160-2015;PMK-160-2015;T-04;Kemenkeu;160;2015;;;;;
PMK 216/PMK.05/2015;2015|PMK-216-2015;PMK-216-2015;T-04;Kemenkeu;216;2015;;;;;
PMK 99/PMK.05/2017;2017|PMK-99-2017;PMK-99-2017;T-04;Kemenkeu;99;2017;;;;;
PMK 180/PMK.05/2017;2017|PMK-180-2017;PMK-180-2017;T-04;Kemenkeu;180;2017;;;;;
PMK 60/PMK.02/2018;2018|PMK-60-2018;PMK-60-2018;T-04;Kemenkeu;60;2018;;;;;
PMK 64/PMK.05/2018;2018|PMK-64-2018;PMK-64-2018;T-04;Kemenkeu;64;2018;;;;;
PMK 143/PMK.05/2018;2018|PMK-143-2018;PMK-143-2018;T-04;Kemenkeu;143;2018;;;;;
PMK 6/PMK.05/2019;2019|PMK-6-2019;PMK-6-2019;T-04;Kemenkeu;6;2019;;;;;
PMK 84/PMK.08/2020;2020|PMK-84-2020;PMK-84-2020;T-04;Kemenkeu;84;2020;;;;;
PMK 172/PMK.05/2021;2021|PMK-172-2021;PMK-172-2021;T-04;Kemenkeu;172;2021;;;;;
PMK 221/PMK.01/2021;2021|PMK-221-2021;PMK-221-2021;T-04;Kemenkeu;221;2021;;;;;
PMK 180/PMK.05/2022;2022|PMK-180-2022;PMK-180-2022;T-04;Kemenkeu;180;2022;;;;;
PMK 217/PMK.05/2022;2022|PMK-217-2022;PMK-217-2022;T-04;Kemenkeu;217;2022;;;;;
PMK 232/PMK.05/2022;2022|PMK-232-2022;PMK-232-2022;T-04;Kemenkeu;232;2022;;;;;
PMK 109 Tahun 2023;2023|PMK-109-2023;PMK-109-2023;T-04;Kemenkeu;109;2023;;;;;
PMK 155 Tahun 2023;2023|PMK-155-2023;PMK-155-2023;T-04;Kemenkeu;155;2023;;;;;
PMK 1 Tahun 2024;2024|PMK-1-2024;PMK-1-2024;T-04;Kemenkeu;1;2024;;;;;
PMK 81 Tahun 2024;2024|PMK-81-2024;PMK-81-2024;T-04;Kemenkeu;81;2024;;;;;
PMK 28 Tahun 2025;2025|PMK-28-2025;PMK-28-2025;T-04;Kemenkeu;28;2025;;;;;
PMK 186/PMK.05/2017;2017|PMK-186-2017;PMK-186-2017;T-04;Kemenkeu;186;2017;;;;;
PMK 278/PMK.05/2014;2014|PMK-278-2014;PMK-278-2014;T-04;Kemenkeu;278;2014;;;;;
PMK 221/PMK.05/2016;2016|PMK-221-2016;PMK-221-2016;T-04;Kemenkeu;221;2016;;;;;
PMK 93/PMK.02/2020;2020|PMK-93-2020;PMK-93-2020;T-04;Kemenkeu;93;2020;;;;;
PMK 4/PMK.08/2022;2022|PMK-4-2022;PMK-4-2022;T-04;Kemenkeu;4;2022;;;;;
PMK 202/PMK.05/2022;2022|PMK-202-2022;PMK-202-2022;T-04;Kemenkeu;202;2022;;;;;
PP 63 Tahun 2019;2019|PP-63-2019;PP-63-2019;T-02;Presiden;63;2019;;;;;
PMK 53/PMK.05/2020;2020|PMK-53-2020;PMK-53-2020;T-04;Kemenkeu;53;2020;;;;;
PMK 102/PMK.05/2020;2020|PMK-102-2020;PMK-102-2020;T-04;Kemenkeu;102;2020;;;;;
PMK 110 Tahun 2024;2024|PMK-110-2024;PMK-110-2024;T-04;Kemenkeu;110;2024;;;;;
PMK 55/PMK.05/2021;2021|PMK-55-2021;PMK-55-2021;T-04;Kemenkeu;55;2021;;;;;
PMK 3 Tahun 2024;2024|PMK-3-2024;PMK-3-2024;T-04;Kemenkeu;3;2024;;;;;
PMK 266/PMK.05/2014;2014|PMK-266-2014;PMK-266-2014;T-04;Kemenkeu;266;2014;;;;;
PMK 82/PMK.02/2015;2015|PMK-82-2015;PMK-82-2015;T-04;Kemenkeu;82;2015;;;;;
PMK 170/PMK.02/2016;2016|PMK-170-2016;PMK-170-2016;T-04;Kemenkeu;170;2016;;;;;
PMK 240/PMK.06/2016;2016|PMK-240-2016;PMK-240-2016;T-04;Kemenkeu;240;2016;;;;;
PMK 156/PMK.05/2019;2019|PMK-156-2019;PMK-156-2019;T-04;Kemenkeu;156;2019;;;;;
PMK 212/PMK.05/2020;2020|PMK-212-2020;PMK-212-2020;T-04;Kemenkeu;212;2020;;;;;
PMK 162/PMK.05/2022;2022|PMK-162-2022;PMK-162-2022;T-04;Kemenkeu;162;2022;;;;;
PMK 163/PMK.05/2022;2022|PMK-163-2022;PMK-163-2022;T-04;Kemenkeu;163;2022;;;;;
PMK 151/PMK.05/2019;2019|PMK-151-2019;PMK-151-2019;T-04;Kemenkeu;151;2019;;;;;
PMK 150/PMK.05/2019;2019|PMK-150-2019;PMK-150-2019;T-04;Kemenkeu;150;2019;;;;;
PMK 105/PMK.05/2013;2013|PMK-105-2013;PMK-105-2013;T-04;Kemenkeu;105;2013;;;;;
PMK 181/PMK.05/2022;2022|PMK-181-2022;PMK-181-2022;T-04;Kemenkeu;181;2022;;;;;
PMK 173/PMK.05/2019;2019|PMK-173-2019;PMK-173-2019;T-04;Kemenkeu;173;2019;;;;;
PMK 5 Tahun 2024;2024|PMK-5-2024;PMK-5-2024;T-04;Kemenkeu;5;2024;;;;;
PMK 117 Tahun 2023;2023|PMK-117-2023;PMK-117-2023;T-04;Kemenkeu;117;2023;;;;;
UU 23 Tahun 1999;1999|UU-23-1999;UU-23-1999;T-01;DPR/Presiden;23;1999;;;;;
UU 6 Tahun 2009;2009|UU-6-2009;UU-6-2009;T-01;DPR/Presiden;6;2009;;;;;
PMK 275/PMK.05/2014;2014|PMK-275-2014;PMK-275-2014;T-04;Kemenkeu;275;2014;;;;;
Perpres 57 Tahun 2020;2020|PERPRES-57-2020;PERPRES-57-2020;T-03;Presiden;57;2020;;;;;
PMK 54 Tahun 2024;2024|PMK-54-2024;PMK-54-2024;T-04;Kemenkeu;54;2024;;;;;
PMK 187/PMK.03/2015;2015|PMK-187-2015;PMK-187-2015;T-04;Kemenkeu;187;2015;;;;;
PMK 120/PMK.03/2019;2019|PMK-120-2019;PMK-120-2019;T-04;Kemenkeu;120;2019;;;;;
PMK 213/PMK.05/2022;2022|PMK-213-2022;PMK-213-2022;T-04;Kemenkeu;213;2022;;;;;
Perpres 12 Tahun 2021;2021|PERPRES-12-2021;PERPRES-12-2021;T-03;Presiden;12;2021;;;;;
UU 19 Tahun 2023;2023|UU-19-2023;UU-19-2023;T-01;DPR/Presiden;19;2023;;;;;
PMK 141/PMK.01/2022;2022|PMK-141-2022;PMK-141-2022;T-04;Kemenkeu;141;2022;;;;;
PMK 110/PMK.05/2021;2021|PMK-110-2021;PMK-110-2021;T-04;Kemenkeu;110;2021;;;;;
PMK 03/PMK.05/2010;2010|PMK-03-2010;PMK-03-2010;T-04;Kemenkeu;3;2010;;;;;
PMK 115/PMK.05/2016;2016|PMK-115-2016;PMK-115-2016;T-04;Kemenkeu;115;2016;;;;;
PMK 210/PMK.05/2022;2022|PMK-210-2022;PMK-210-2022;T-04;Kemenkeu;210;2022;;;;;
PMK 125/PMK.05/2009;2009|PMK-125-2009;PMK-125-2009;T-04;Kemenkeu;125;2009;;;;;
PMK 72/PMK.05/2016;2016|PMK-72-2016;PMK-72-2016;T-04;Kemenkeu;72;2016;;;;;
PMK 197/PMK.05/2017;2017|PMK-197-2017;PMK-197-2017;T-04;Kemenkeu;197;2017;;;;;
PMK 20 Tahun 2023;2023|PMK-20-2023;PMK-20-2023;T-04;Kemenkeu;20;2023;;;;;
PP 6 Tahun 2023;2023|PP-6-2023;PP-6-2023;T-02;Presiden;6;2023;;;;;
PMK 195/PMK.05/2019;2019|PMK-195-2019;PMK-195-2019;T-04;Kemenkeu;195;2019;;;;;
PMK 194/PMK.05/2014;2014|PMK-194-2014;PMK-194-2014;T-04;Kemenkeu;194;2014;;;;;
PMK 43/PMK.05/2020;2020|PMK-43-2020;PMK-43-2020;T-04;Kemenkeu;43;2020;;;;;
PMK 243/PMK.05/2015;2015|PMK-243-2015;PMK-243-2015;T-04;Kemenkeu;243;2015;;;;;
PMK 114/PMK.05/2021;2021|PMK-114-2021;PMK-114-2021;T-04;Kemenkeu;114;2021;;;;;
PP 90 Tahun 2010;2010|PP-90-2010;PP-90-2010;T-02;Presiden;90;2010;;;;;
PMK 199/PMK.02/2021;2021|PMK-199-2021;PMK-199-2021;T-04;Kemenkeu;199;2021;;;;;
PMK 63 Tahun 2019;2019|PMK-63-2019;PMK-63-2019;T-04;Kemenkeu;63;2019;;;;;
PMK 190/PMK.05/2012;2012|PMK-190-2012;PMK-190-2012;T-04;Kemenkeu;190;2012;;;;;
PMK 195/PMK.05/2018;2018|PMK-195-2018;PMK-195-2018;T-04;Kemenkeu;195;2018;;;;;
PMK 2/PMK.02/2021;2021|PMK-2-2021;PMK-2-2021;T-04;Kemenkeu;2;2021;;;;;
PMK 178/PMK.05/2018;2018|PMK-178-2018;PMK-178-2018;T-04;Kemenkeu;178;2018;;;;;
PMK 193/PMK.05/2020;2020|PMK-193-2020;PMK-193-2020;T-04;Kemenkeu;193;2020;;;;;
PMK 183/PMK.05/2019;2019|PMK-183-2019;PMK-183-2019;T-04;Kemenkeu;183;2019;;;;;
PMK 231/PMK.03/2019;2019|PMK-231-2019;PMK-231-2019;T-04;Kemenkeu;231;2019;;;;;
PMK 213/PMK.05/2013;2013|PMK-213-2013;PMK-213-2013;T-04;Kemenkeu;213;2013;;;;;
PMK 177 /PMK.05/2015;2015|PMK-177 -2015;PMK-177 -2015;T-04;Kemenkeu;177;2015;;;;;
PMK 187 /PMK.03/2015;2015|PMK-187 -2015;PMK-187 -2015;T-04;Kemenkeu;187;2015;;;;;
PMK  145/PMK.05/2017;2017|PMK- 145-2017;PMK- 145-2017;T-04;Kemenkeu;145;2017;;;;;
PMK  120/PMK.03/2019;2019|PMK- 120-2019;PMK- 120-2019;T-04;Kemenkeu;120;2019;;;;;
PMK 17/PMK.07/2021;2021|PMK-17-2021;PMK-17-2021;T-04;Kemenkeu;17;2021;;;;;
PMK 201/PMK.05/2021;2021|PMK-201-2021;PMK-201-2021;T-04;Kemenkeu;201;2021;;;;;
UU 17 Tahun 2003;2003|UU-17-2003;UU-17-2003;T-01;DPR/Presiden;17;2003;;;;;
PP 71 Tahun 2010;2010|PP-71-2010;PP-71-2010;T-02;Presiden;71;2010;;;;;
PMK 182/PMK.05/2017;2017|PMK-182-2017;PMK-182-2017;T-04;Kemenkeu;182;2017;;;;;
PMK 3/PMK.05/2014;2014|PMK-3-2014;PMK-3-2014;T-04;Kemenkeu;3;2014;;;;;
UU 15 Tahun 2004;2004|UU-15-2004;UU-15-2004;T-01;DPR/Presiden;15;2004;;;;;
UU 11 Tahun 2009;2009|UU-11-2009;UU-11-2009;T-01;DPR/Presiden;11;2009;;;;;
Perpres 63 Tahun 2017;2017|PERPRES-63-2017;PERPRES-63-2017;T-03;Presiden;63;2017;;;;;
PMK 254/PMK.05/2015;2015|PMK-254-2015;PMK-254-2015;T-04;Kemenkeu;254;2015;;;;;
PMK 97/PMK.01/2017;2017|PMK-97-2017;PMK-97-2017;T-04;Kemenkeu;97;2017;;;;;
PMK 217/PMK.01/2018;2018|PMK-217-2018;PMK-217-2018;T-04;Kemenkeu;217;2018;;;;;
KMK 350/KMK.01/2010;2010|KMK-350-2010;KMK-350-2010;T-05;Kemenkeu;350;2010;;;;;
KMK 552/KMK.01/2018;2018|KMK-552-2018;KMK-552-2018;T-05;Kemenkeu;552;2018;;;;;
KMK 577/KMK.01/2019;2019|KMK-577-2019;KMK-577-2019;T-05;Kemenkeu;577;2019;;;;;
KMK 878/KMK.01/2019;2019|KMK-878-2019;KMK-878-2019;T-05;Kemenkeu;878;2019;;;;;
KMK 942/KMK.01/2019;2019|KMK-942-2019;KMK-942-2019;T-05;Kemenkeu;942;2019;;;;;
PMK 229/PMK.01/2019;2019|PMK-229-2019;PMK-229-2019;T-04;Kemenkeu;229;2019;;;;;
KMK 38/KMK.01/2014;2014|KMK-38-2014;KMK-38-2014;T-05;Kemenkeu;38;2014;;;;;
PMK 159/PMK.05/2018;2018|PMK-159-2018;PMK-159-2018;T-04;Kemenkeu;159;2018;;;;;
PMK 208/PMK.02/2020;2020|PMK-208-2020;PMK-208-2020;T-04;Kemenkeu;208;2020;;;;;
PMK 203/PMK.05/2019;2019|PMK-203-2019;PMK-203-2019;T-04;Kemenkeu;203;2019;;;;;
PMK 83/PMK.05/2018;2018|PMK-83-2018;PMK-83-2018;T-04;Kemenkeu;83;2018;;;;;
PMK 222/PMK.07/2020;2020|PMK-222-2020;PMK-222-2020;T-04;Kemenkeu;222;2020;;;;;
PMK  55/PMK.05/2021;2021|PMK- 55-2021;PMK- 55-2021;T-04;Kemenkeu;55;2021;;;;;
PMK 104/PMK.05/2020;2020|PMK-104-2020;PMK-104-2020;T-04;Kemenkeu;104;2020;;;;;
Perpres 82 Tahun 2018;2018|PERPRES-82-2018;PERPRES-82-2018;T-03;Presiden;82;2018;;;;;
Perpres 64 Tahun 2020;2020|PERPRES-64-2020;PERPRES-64-2020;T-03;Presiden;64;2020;;;;;
PMK 177/PMK.05/2015;2015|PMK-177-2015;PMK-177-2015;T-04;Kemenkeu;177;2015;;;;;
PMK 78/PMK.02/2020;2020|PMK-78-2020;PMK-78-2020;T-04;Kemenkeu;78;2020;;;;;
PMK 138/PMK.05/2020;2020|PMK-138-2020;PMK-138-2020;T-04;Kemenkeu;138;2020;;;;;
PMK 43/PMK.05/2015;2015|PMK-43-2015;PMK-43-2015;T-04;Kemenkeu;43;2015;;;;;
PMK 222/PMK.05/2016;2016|PMK-222-2016;PMK-222-2016;T-04;Kemenkeu;222;2016;;;;;
PMK 62/PMK.05/2019;2019|PMK-62-2019;PMK-62-2019;T-04;Kemenkeu;62;2019;;;;;
PMK 50/PMK.05/2021;2021|PMK-50-2021;PMK-50-2021;T-04;Kemenkeu;50;2021;;;;;
PMK 94/PMK.07/2021;2021|PMK-94-2021;PMK-94-2021;T-04;Kemenkeu;94;2021;;;;;
PMK 39/PMK.02/2021;2021|PMK-39-2021;PMK-39-2021;T-04;Kemenkeu;39;2021;;;;;
PMK 148/PMK.05/2019;2019|PMK-148-2019;PMK-148-2019;T-04;Kemenkeu;148;2019;;;;;
PMK 149/PMK.05/2019;2019|PMK-149-2019;PMK-149-2019;T-04;Kemenkeu;149;2019;;;;;
KMK 260/KMK.01/2009;2009|KMK-260-2009;KMK-260-2009;T-05;Kemenkeu;260;2009;;;;;
KMK 274/KMK.01/2010;2010|KMK-274-2010;KMK-274-2010;T-05;Kemenkeu;274;2010;;;;;
KMK 330/KMK.01/2011;2011|KMK-330-2011;KMK-330-2011;T-05;Kemenkeu;330;2011;;;;;
KMK 414/KMK.01/2011;2011|KMK-414-2011;KMK-414-2011;T-05;Kemenkeu;414;2011;;;;;
KMK 695/KMK.01/2017;2017|KMK-695-2017;KMK-695-2017;T-05;Kemenkeu;695;2017;;;;;
KMK 452/KMK.01/2018;2018|KMK-452-2018;KMK-452-2018;T-05;Kemenkeu;452;2018;;;;;
KMK 798/KMK.01/2019;2019|KMK-798-2019;KMK-798-2019;T-05;Kemenkeu;798;2019;;;;;
KMK 42/KMK.01/2019;2019|KMK-42-2019;KMK-42-2019;T-05;Kemenkeu;42;2019;;;;;
KMK 971/KMK.01/2019;2019|KMK-971-2019;KMK-971-2019;T-05;Kemenkeu;971;2019;;;;;
KMK 972/KMK.01/2019;2019|KMK-972-2019;KMK-972-2019;T-05;Kemenkeu;972;2019;;;;;
KMK 241/KMK.01/2021;2021|KMK-241-2021;KMK-241-2021;T-05;Kemenkeu;241;2021;;;;;
KMK 269/KMK.01/2021;2021|KMK-269-2021;KMK-269-2021;T-05;Kemenkeu;269;2021;;;;;
PMK 3/PMK.05/2018;2018|PMK-3-2018;PMK-3-2018;T-04;Kemenkeu;3;2018;;;;;
PMK 205/PMK.07/2019;2019|PMK-205-2019;PMK-205-2019;T-04;Kemenkeu;205;2019;;;;;
PMK 92/PMK.05/2011;2011|PMK-92-2011;PMK-92-2011;T-04;Kemenkeu;92;2011;;;;;
PMK 195/PMK.05/2017;2017|PMK-195-2017;PMK-195-2017;T-04;Kemenkeu;195;2017;;;;;
PMK 208/PMK.02/2019;2019|PMK-208-2019;PMK-208-2019;T-04;Kemenkeu;208;2019;;;;;
PMK 210/ PMK.02/2019;2019|PMK-210-2019;PMK-210-2019;T-04;Kemenkeu;210;2019;;;;;
PMK 60/PMK.05/2015;2015|PMK-60-2015;PMK-60-2015;T-04;Kemenkeu;60;2015;;;;;
PMK 64/PMK.05/2015;2015|PMK-64-2015;PMK-64-2015;T-04;Kemenkeu;64;2015;;;;;
PMK 116/PMK.05/2018;2018|PMK-116-2018;PMK-116-2018;T-04;Kemenkeu;116;2018;;;;;
PMK 81/PMK.05/2019;2019|PMK-81-2019;PMK-81-2019;T-04;Kemenkeu;81;2019;;;;;
PMK 87/ PMK.01/2019;2019|PMK-87-2019;PMK-87-2019;T-04;Kemenkeu;87;2019;;;;;
PMK 50 Tahun 2018;2018|PMK-50-2018;PMK-50-2018;T-04;Kemenkeu;50;2018;;;;;
PMK 211/PMK.05/2019;2019|PMK-211-2019;PMK-211-2019;T-04;Kemenkeu;211;2019;;;;;
PP 42 Tahun 1995;1995|PP-42-1995;PP-42-1995;T-02;Presiden;42;1995;;;;;
PP 10 Tahun 2011;2011|PP-10-2011;PP-10-2011;T-02;Presiden;10;2011;;;;;
PP 25 Tahun 2001;2001|PP-25-2001;PP-25-2001;T-02;Presiden;25;2001;;;;;
PMK 130/PMK.07/2019;2019|PMK-130-2019;PMK-130-2019;T-04;Kemenkeu;130;2019;;;;;
KMK 751/KMK.01/2019;2019|KMK-751-2019;KMK-751-2019;T-05;Kemenkeu;751;2019;;;;;
PMK 18/ PMK.05/2007;2007|PMK-18-2007;PMK-18-2007;T-04;Kemenkeu;18;2007;;;;;
PMK 54/PMK.05/2014;2014|PMK-54-2014;PMK-54-2014;T-04;Kemenkeu;54;2014;;;;;
PMK 39/PMK.02/2020;2020|PMK-39-2020;PMK-39-2020;T-04;Kemenkeu;39;2020;;;;;
UU 2 Tahun 2020;2020|UU-2-2020;UU-2-2020;T-01;DPR/Presiden;2;2020;;;;;
PMK 38/PMK.02/2020;2020|PMK-38-2020;PMK-38-2020;T-04;Kemenkeu;38;2020;;;;;
PMK 70/PMK.05/2020;2020|PMK-70-2020;PMK-70-2020;T-04;Kemenkeu;70;2020;;;;;
UU 5 Tahun 2014;2014|UU-5-2014;UU-5-2014;T-01;DPR/Presiden;5;2014;;;;;
PP 11 Tahun 2017;2017|PP-11-2017;PP-11-2017;T-02;Presiden;11;2017;;;;;
PP 30 Tahun 2019;2019|PP-30-2019;PP-30-2019;T-02;Presiden;30;2019;;;;;
PMK 175/PMK.01/2016;2016|PMK-175-2016;PMK-175-2016;T-04;Kemenkeu;175;2016;;;;;
PP 17 Tahun 2020;2020|PP-17-2020;PP-17-2020;T-02;Presiden;17;2020;;;;;
PMK 150/PMK.01/2010;2010|PMK-150-2010;PMK-150-2010;T-04;Kemenkeu;150;2010;;;;;
PMK 32/PMK.05/2014;2014|PMK-32-2014;PMK-32-2014;T-04;Kemenkeu;32;2014;;;;;
PMK 101/PMK.07/2020;2020|PMK-101-2020;PMK-101-2020;T-04;Kemenkeu;101;2020;;;;;
PMK 238/PMK.05/2011;2011|PMK-238-2011;PMK-238-2011;T-04;Kemenkeu;238;2011;;;;;
PMK 189/PMK.05/2018;2018|PMK-189-2018;PMK-189-2018;T-04;Kemenkeu;189;2018;;;;;
PMK 204/PMK.05/2020;2020|PMK-204-2020;PMK-204-2020;T-04;Kemenkeu;204;2020;;;;;
UU 11 Tahun 2017;2017|UU-11-2017;UU-11-2017;T-01;DPR/Presiden;11;2017;;;;;
UU 57 Tahun 2020;2020|UU-57-2020;UU-57-2020;T-01;DPR/Presiden;57;2020;;;;;
PMK 32/PMK.05/2010;2010|PMK-32-2010;PMK-32-2010;T-04;Kemenkeu;32;2010;;;;;
PMK 202/PMK.05/2018;2018|PMK-202-2018;PMK-202-2018;T-04;Kemenkeu;202;2018;;;;;
UU 9 Tahun 2018;2018|UU-9-2018;UU-9-2018;T-01;DPR/Presiden;9;2018;;;;;
PP 60 Tahun 2016;2016|PP-60-2016;PP-60-2016;T-02;Presiden;60;2016;;;;;
PMK 194/ PMK.02/2018;2018|PMK-194-2018;PMK-194-2018;T-04;Kemenkeu;194;2018;;;;;
PMK 94/PMK.02/2017;2017|PMK-94-2017;PMK-94-2017;T-04;Kemenkeu;94;2017;;;;;
PMK 206/PMK.02/2018;2018|PMK-206-2018;PMK-206-2018;T-04;Kemenkeu;206;2018;;;;;
PMK 142/PMK.02/2018;2018|PMK-142-2018;PMK-142-2018;T-04;Kemenkeu;142;2018;;;;;
PMK 53/PMK.05/2017;2017|PMK-53-2017;PMK-53-2017;T-04;Kemenkeu;53;2017;;;;;
PP 35 Tahun 2002;2002|PP-35-2002;PP-35-2002;T-02;Presiden;35;2002;;;;;
PMK 04/PMK.02/2012;2012|PMK-04-2012;PMK-04-2012;T-04;Kemenkeu;4;2012;;;;;
PP 58 Tahun 2007;2007|PP-58-2007;PP-58-2007;T-02;Presiden;58;2007;;;;;
PMK 256/PMK.05/2015;2015|PMK-256-2015;PMK-256-2015;T-04;Kemenkeu;256;2015;;;;;
PMK 208/PMK.05/2017;2017|PMK-208-2017;PMK-208-2017;T-04;Kemenkeu;208;2017;;;;;
KMK 63/KMK.05/2010;2010|KMK-63-2010;KMK-63-2010;T-05;Kemenkeu;63;2010;;;;;
KMK 206/KMK.05/2019;2019|KMK-206-2019;KMK-206-2019;T-05;Kemenkeu;206;2019;;;;;
PMK 153/PMK.05/2017;2017|PMK-153-2017;PMK-153-2017;T-04;Kemenkeu;153;2017;;;;;
PMK 105/PMK.05/2018;2018|PMK-105-2018;PMK-105-2018;T-04;Kemenkeu;105;2018;;;;;
PMK 249/PMK.05/2010;2010|PMK-249-2010;PMK-249-2010;T-04;Kemenkeu;249;2010;;;;;
PMK 228/PMK.05/2016;2016|PMK-228-2016;PMK-228-2016;T-04;Kemenkeu;228;2016;;;;;
PMK 50/PMK.07/2017;2017|PMK-50-2017;PMK-50-2017;T-04;Kemenkeu;50;2017;;;;;
PMK 121/PMK.07/2018;2018|PMK-121-2018;PMK-121-2018;T-04;Kemenkeu;121;2018;;;;;
UU 7 Tahun 1992;1992|UU-7-1992;UU-7-1992;T-01;DPR/Presiden;7;1992;;;;;
UU 8 Tahun 1995;1995|UU-8-1995;UU-8-1995;T-01;DPR/Presiden;8;1995;;;;;
PP 49 Tahun 2018;2018|PP-49-2018;PP-49-2018;T-02;Presiden;49;2018;;;;;
PMK 131/PMK.01/2015;2015|PMK-131-2015;PMK-131-2015;T-04;Kemenkeu;131;2015;;;;;
PMK 176/PMK.05/2017;2017|PMK-176-2017;PMK-176-2017;T-04;Kemenkeu;176;2017;;;;;
KMK 467/KMK.01/2014;2014|KMK-467-2014;KMK-467-2014;T-05;Kemenkeu;467;2014;;;;;
UU 10 Tahun 1998;1998|UU-10-1998;UU-10-1998;T-01;DPR/Presiden;10;1998;;;;;
PMK 263/PMK.05/2015;2015|PMK-263-2015;PMK-263-2015;T-04;Kemenkeu;263;2015;;;;;
PMK 274/PMK.01/2010;2010|PMK-274-2010;PMK-274-2010;T-04;Kemenkeu;274;2010;;;;;
PP 14 Tahun 2005;2005|PP-14-2005;PP-14-2005;T-02;Presiden;14;2005;;;;;
PMK 176/PMK.05/2016;2016|PMK-176-2016;PMK-176-2016;T-04;Kemenkeu;176;2016;;;;;
PP 35 Tahun 2017;2017|PP-35-2017;PP-35-2017;T-02;Presiden;35;2017;;;;;
PMK 104/PMK.05/2019;2019|PMK-104-2019;PMK-104-2019;T-04;Kemenkeu;104;2019;;;;;
UU 39 Tahun 2007;2007|UU-39-2007;UU-39-2007;T-01;DPR/Presiden;39;2007;;;;;
PP 16 Tahun 2018;2018|PP-16-2018;PP-16-2018;T-02;Presiden;16;2018;;;;;
Perpres 75 Tahun 2019;2019|PERPRES-75-2019;PERPRES-75-2019;T-03;Presiden;75;2019;;;;;
PP 12 Tahun 2019;2019|PP-12-2019;PP-12-2019;T-02;Presiden;12;2019;;;;;
PMK 85/PMK.03/2019;2019|PMK-85-2019;PMK-85-2019;T-04;Kemenkeu;85;2019;;;;;
Perpres 28 Tahun 2015;2015|PERPRES-28-2015;PERPRES-28-2015;T-03;Presiden;28;2015;;;;;
PMK 217/PMK.05/2015;2015|PMK-217-2015;PMK-217-2015;T-04;Kemenkeu;217;2015;;;;;
PMK 220/PMK.05/2016;2016|PMK-220-2016;PMK-220-2016;T-04;Kemenkeu;220;2016;;;;;
PMK 218/PMK.05/2007;2007|PMK-218-2007;PMK-218-2007;T-04;Kemenkeu;218;2007;;;;;
PMK 242/PMK.03/2014;2014|PMK-242-2014;PMK-242-2014;T-04;Kemenkeu;242;2014;;;;;
KMK 956/KMK.05/2016;2016|KMK-956-2016;KMK-956-2016;T-05;Kemenkeu;956;2016;;;;;
PP 60 Tahun 2008;2008|PP-60-2008;PP-60-2008;T-02;Presiden;60;2008;;;;;
PP 53 Tahun 2010;2010|PP-53-2010;PP-53-2010;T-02;Presiden;53;2010;;;;;
PP 38 Tahun 2016;2016|PP-38-2016;PP-38-2016;T-02;Presiden;38;2016;;;;;
Perpres 76 Tahun 2013;2013|PERPRES-76-2013;PERPRES-76-2013;T-03;Presiden;76;2013;;;;;
PMK 214/PMK.01/2011;2011|PMK-214-2011;PMK-214-2011;T-04;Kemenkeu;214;2011;;;;;
PMK 7/PMK.09/2017;2017|PMK-7-2017;PMK-7-2017;T-04;Kemenkeu;7;2017;;;;;
PMK 218/PMK.01/2017;2017|PMK-218-2017;PMK-218-2017;T-04;Kemenkeu;218;2017;;;;;
PMK 190/PMK.01/2018;2018|PMK-190-2018;PMK-190-2018;T-04;Kemenkeu;190;2018;;;;;
KMK 149/KMK.09/2011;2011|KMK-149-2011;KMK-149-2011;T-05;Kemenkeu;149;2011;;;;;
KMK 152/KMK.09/2011;2011|KMK-152-2011;KMK-152-2011;T-05;Kemenkeu;152;2011;;;;;
KMK 312/KMK.01/2011;2011|KMK-312-2011;KMK-312-2011;T-05;Kemenkeu;312;2011;;;;;
KMK 940/KMK.09/2017;2017|KMK-940-2017;KMK-940-2017;T-05;Kemenkeu;940;2017;;;;;
PMK 93/PMK.01/2018;2018|PMK-93-2018;PMK-93-2018;T-04;Kemenkeu;93;2018;;;;;
PMK 225/PMK.07/2017;2017|PMK-225-2017;PMK-225-2017;T-04;Kemenkeu;225;2017;;;;;
PMK 133/PMK.05/2008;2008|PMK-133-2008;PMK-133-2008;T-04;Kemenkeu;133;2008;;;;;
PMK 190/PMK.05/2016;2016|PMK-190-2016;PMK-190-2016;T-04;Kemenkeu;190;2016;;;;;
PP 17 Tahun 2017;2017|PP-17-2017;PP-17-2017;T-02;Presiden;17;2017;;;;;
Perpres 107 Tahun 2017;2017|PERPRES-107-2017;PERPRES-107-2017;T-03;Presiden;107;2017;;;;;
PMK 11/PMK.02/2018;2018|PMK-11-2018;PMK-11-2018;T-04;Kemenkeu;11;2018;;;;;
PMK 196/PMK.05/2009;2009|PMK-196-2009;PMK-196-2009;T-04;Kemenkeu;196;2009;;;;;
PMK 43/PMK.05/2011;2011|PMK-43-2011;PMK-43-2011;T-04;Kemenkeu;43;2011;;;;;
PMK 218/PMK.02/2014;2014|PMK-218-2014;PMK-218-2014;T-04;Kemenkeu;218;2014;;;;;
PMK 115/PMK.05/2017;2017|PMK-115-2017;PMK-115-2017;T-04;Kemenkeu;115;2017;;;;;
PMK 158/PMK.02/2016;2016|PMK-158-2016;PMK-158-2016;T-04;Kemenkeu;158;2016;;;;;
PMK 177/PMK.05/2017;2017|PMK-177-2017;PMK-177-2017;T-04;Kemenkeu;177;2017;;;;;
PMK 96/PMK.05/2017;2017|PMK-96-2017;PMK-96-2017;T-04;Kemenkeu;96;2017;;;;;
PMK 76/PMK.03/2010;2010|PMK-76-2010;PMK-76-2010;T-04;Kemenkeu;76;2010;;;;;
PMK 67/PMK.05/2013;2013|PMK-67-2013;PMK-67-2013;T-04;Kemenkeu;67;2013;;;;;
PMK 121/PMK.05/2016;2016|PMK-121-2016;PMK-121-2016;T-04;Kemenkeu;121;2016;;;;;
PMK 100/PMK.03/2013;2013|PMK-100-2013;PMK-100-2013;T-04;Kemenkeu;100;2013;;;;;
PMK 112/PMK.07/2017;2017|PMK-112-2017;PMK-112-2017;T-04;Kemenkeu;112;2017;;;;;
UU 7 Tahun 2017;2017|UU-7-2017;UU-7-2017;T-01;DPR/Presiden;7;2017;;;;;
PMK 152/PMK.05/2011;2011|PMK-152-2011;PMK-152-2011;T-04;Kemenkeu;152;2011;;;;;
PMK 31/PMK.05/2012;2012|PMK-31-2012;PMK-31-2012;T-04;Kemenkeu;31;2012;;;;;
PMK 104/PMK.05/2017;2017|PMK-104-2017;PMK-104-2017;T-04;Kemenkeu;104;2017;;;;;
PMK 234/PMK.01/2015;2015|PMK-234-2015;PMK-234-2015;T-04;Kemenkeu;234;2015;;;;;
PMK 95/PMK.05/2018;2018|PMK-95-2018;PMK-95-2018;T-04;Kemenkeu;95;2018;;;;;
PMK 212/PMK.01/2017;2017|PMK-212-2017;PMK-212-2017;T-04;Kemenkeu;212;2017;;;;;
PMK 219/PMK.05/2013;2013|PMK-219-2013;PMK-219-2013;T-04;Kemenkeu;219;2013;;;;;
PMK 224/PMK.05/2016;2016|PMK-224-2016;PMK-224-2016;T-04;Kemenkeu;224;2016;;;;;
UU 23 Tahun 2014;2014|UU-23-2014;UU-23-2014;T-01;DPR/Presiden;23;2014;;;;;
UU 33 Tahun 2004;2004|UU-33-2004;UU-33-2004;T-01;DPR/Presiden;33;2004;;;;;
PP 55 Tahun 2005;2005|PP-55-2005;PP-55-2005;T-02;Presiden;55;2005;;;;;
PP 56 Tahun 2005;2005|PP-56-2005;PP-56-2005;T-02;Presiden;56;2005;;;;;
PP 58 Tahun 2005;2005|PP-58-2005;PP-58-2005;T-02;Presiden;58;2005;;;;;
PP 2 Tahun 2012;2012|PP-2-2012;PP-2-2012;T-02;Presiden;2;2012;;;;;
PMK 04/PMK.07/2011;2011|PMK-04-2011;PMK-04-2011;T-04;Kemenkeu;4;2011;;;;;
PMK 162/PMK.07/2015;2015|PMK-162-2015;PMK-162-2015;T-04;Kemenkeu;162;2015;;;;;
PP 65 Tahun 2010;2010|PP-65-2010;PP-65-2010;T-02;Presiden;65;2010;;;;;
PMK 95/PMK.05/2016;2016|PMK-95-2016;PMK-95-2016;T-04;Kemenkeu;95;2016;;;;;
PMK 181/PMK.06/2016;2016|PMK-181-2016;PMK-181-2016;T-04;Kemenkeu;181;2016;;;;;
PMK 70/PMK.05/2018;2018|PMK-70-2018;PMK-70-2018;T-04;Kemenkeu;70;2018;;;;;
PMK 47/PMK.01/2008;2008|PMK-47-2008;PMK-47-2008;T-04;Kemenkeu;47;2008;;;;;
KMK 130/KMK.01/2013;2013|KMK-130-2013;KMK-130-2013;T-05;Kemenkeu;130;2013;;;;;
PMK 60/PMK.01/2016;2016|PMK-60-2016;PMK-60-2016;T-04;Kemenkeu;60;2016;;;;;
KMK 556/KMK.01/2015;2015|KMK-556-2015;KMK-556-2015;T-05;Kemenkeu;556;2015;;;;;
UU 42 Tahun 2008;2008|UU-42-2008;UU-42-2008;T-01;DPR/Presiden;42;2008;;;;;
UU 15 Tahun 2011;2011|UU-15-2011;UU-15-2011;T-01;DPR/Presiden;15;2011;;;;;
UU 8 Tahun 2012;2012|UU-8-2012;UU-8-2012;T-01;DPR/Presiden;8;2012;;;;;
Perpres 108 Tahun 2016;2016|PERPRES-108-2016;PERPRES-108-2016;T-03;Presiden;108;2016;;;;;
PP 20 Tahun 2004;2004|PP-20-2004;PP-20-2004;T-02;Presiden;20;2004;;;;;
Perpres 97 Tahun 2016;2016|PERPRES-97-2016;PERPRES-97-2016;T-03;Presiden;97;2016;;;;;
PMK 191/PMK.05/2011;2011|PMK-191-2011;PMK-191-2011;T-04;Kemenkeu;191;2011;;;;;
PMK 163/PMK.02/2016;2016|PMK-163-2016;PMK-163-2016;T-04;Kemenkeu;163;2016;;;;;
PMK 277/PMK.05/2014;2014|PMK-277-2014;PMK-277-2014;T-04;Kemenkeu;277;2014;;;;;
PMK 10/PMK.02/2017;2017|PMK-10-2017;PMK-10-2017;T-04;Kemenkeu;10;2017;;;;;
PMK 10/PMK.02/2006;2006|PMK-10-2006;PMK-10-2006;T-04;Kemenkeu;10;2006;;;;;
PMK 73/PMK.05/2007;2007|PMK-73-2007;PMK-73-2007;T-04;Kemenkeu;73;2007;;;;;
PMK 69/PMK.06/2014;2014|PMK-69-2014;PMK-69-2014;T-04;Kemenkeu;69;2014;;;;;
PMK 259/PMK.05/2014;2014|PMK-259-2014;PMK-259-2014;T-04;Kemenkeu;259;2014;;;;;
KEP-801/PB/2016;2016|KEP-801-PB-2016;KEP-801-PB-2016;T-07;Direktur Jenderal;801;2016;;;;;
PMK 25/PMK.05/2016;2016|PMK-25-2016;PMK-25-2016;T-04;Kemenkeu;25;2016;;;;;
PMK 22/PMK.05/2017;2017|PMK-22-2017;PMK-22-2017;T-04;Kemenkeu;22;2017;;;;;
PMK 99/PMK.06/2006;2006|PMK-99-2006;PMK-99-2006;T-04;Kemenkeu;99;2006;;;;;
PMK 211/PMK.02/2015;2015|PMK-211-2015;PMK-211-2015;T-04;Kemenkeu;211;2015;;;;;
PP 35 Tahun 2022;2022|PP-35-2022;PP-35-2022;T-02;Presiden;35;2022;;;;;
UU 18 Tahun 2002;2002|UU-18-2002;UU-18-2002;T-01;DPR/Presiden;18;2002;;;;;
Perpres 54 Tahun 2010;2010|PERPRES-54-2010;PERPRES-54-2010;T-03;Presiden;54;2010;;;;;
PMK 106/PMK.02/2016;2016|PMK-106-2016;PMK-106-2016;T-04;Kemenkeu;106;2016;;;;;
PMK 158/PMK.01/2012;2012|PMK-158-2012;PMK-158-2012;T-04;Kemenkeu;158;2012;;;;;
KMK 552/KMK.01/2015;2015|KMK-552-2015;KMK-552-2015;T-05;Kemenkeu;552;2015;;;;;
PMK 164/PMK.05/2015;2015|PMK-164-2015;PMK-164-2015;T-04;Kemenkeu;164;2015;;;;;
PMK 227/PMK.05/2016;2016|PMK-227-2016;PMK-227-2016;T-04;Kemenkeu;227;2016;;;;;
PMK 12/PMK.06/2005;2005|PMK-12-2005;PMK-12-2005;T-04;Kemenkeu;12;2005;;;;;
PMK 171/PMK.05/2009;2009|PMK-171-2009;PMK-171-2009;T-04;Kemenkeu;171;2009;;;;;
PMK 40/PMK.05/2015;2015|PMK-40-2015;PMK-40-2015;T-04;Kemenkeu;40;2015;;;;;
PMK 13/PMK.05/2016;2016|PMK-13-2016;PMK-13-2016;T-04;Kemenkeu;13;2016;;;;;
PMK 20/PMK.05/2016;2016|PMK-20-2016;PMK-20-2016;T-04;Kemenkeu;20;2016;;;;;
PMK 108/PMK.05/2016;2016|PMK-108-2016;PMK-108-2016;T-04;Kemenkeu;108;2016;;;;;
UU 20 Tahun 2012;2012|UU-20-2012;UU-20-2012;T-01;DPR/Presiden;20;2012;;;;;
KMK 811/KMK.01/2017;2017|KMK-811-2017;KMK-811-2017;T-05;Kemenkeu;811;2017;;;;;
PMK 252/PMK.02/2015;2015|PMK-252-2015;PMK-252-2015;T-04;Kemenkeu;252;2015;;;;;
PMK 15/PMK.05/2013;2013|PMK-15-2013;PMK-15-2013;T-04;Kemenkeu;15;2013;;;;;
Perpres 7 Tahun 2016;2016|PERPRES-7-2016;PERPRES-7-2016;T-03;Presiden;7;2016;;;;;
PMK 126/PMK.05/2016;2016|PMK-126-2016;PMK-126-2016;T-04;Kemenkeu;126;2016;;;;;
PMK 252/PMK.05/2014;2014|PMK-252-2014;PMK-252-2014;T-04;Kemenkeu;252;2014;;;;;
PMK 222/PMK.05/2014;2014|PMK-222-2014;PMK-222-2014;T-04;Kemenkeu;222;2014;;;;;
PMK 231/PMK.02/2015;2015|PMK-231-2015;PMK-231-2015;T-04;Kemenkeu;231;2015;;;;;
PMK 226/PMK.05/2016;2016|PMK-226-2016;PMK-226-2016;T-04;Kemenkeu;226;2016;;;;;
PP 8 Tahun 2006;2006|PP-8-2006;PP-8-2006;T-02;Presiden;8;2006;;;;;
PMK 98/PMK.05/2017;2017|PMK-98-2017;PMK-98-2017;T-04;Kemenkeu;98;2017;;;;;
PMK 215/PMK.05/2013;2013|PMK-215-2013;PMK-215-2013;T-04;Kemenkeu;215;2013;;;;;
PMK 262/PMK.05/2014;2014|PMK-262-2014;PMK-262-2014;T-04;Kemenkeu;262;2014;;;;;
PMK 271/PMK.05/2014;2014|PMK-271-2014;PMK-271-2014;T-04;Kemenkeu;271;2014;;;;;
PMK 84/PMK.05/2015;2015|PMK-84-2015;PMK-84-2015;T-04;Kemenkeu;84;2015;;;;;
PMK 135/PMK.05/2016;2016|PMK-135-2016;PMK-135-2016;T-04;Kemenkeu;135;2016;;;;;
PMK 225/PMK.05/2016;2016|PMK-225-2016;PMK-225-2016;T-04;Kemenkeu;225;2016;;;;;
Perpres 167 Tahun 2015;2015|PERPRES-167-2015;PERPRES-167-2015;T-03;Presiden;167;2015;;;;;
Perpres 134 Tahun 2015;2015|PERPRES-134-2015;PERPRES-134-2015;T-03;Presiden;134;2015;;;;;
PMK 188/PMK.07/2012;2012|PMK-188-2012;PMK-188-2012;T-04;Kemenkeu;188;2012;;;;;
PMK 206/PMK.01/2014;2014|PMK-206-2014;PMK-206-2014;T-04;Kemenkeu;206;2014;;;;;
Perpres 70 Tahun 2012;2012|PERPRES-70-2012;PERPRES-70-2012;T-03;Presiden;70;2012;;;;;
PP 152 Tahun 2015;2015|PP-152-2015;PP-152-2015;T-02;Presiden;152;2015;;;;;
PP 160 Tahun 2015;2015|PP-160-2015;PP-160-2015;T-02;Presiden;160;2015;;;;;
PP 161 Tahun 2015;2015|PP-161-2015;PP-161-2015;T-02;Presiden;161;2015;;;;;
PP 169 Tahun 2015;2015|PP-169-2015;PP-169-2015;T-02;Presiden;169;2015;;;;;
PP 159 Tahun 2015;2015|PP-159-2015;PP-159-2015;T-02;Presiden;159;2015;;;;;
PMK 169/PMK.01/2012;2012|PMK-169-2012;PMK-169-2012;T-04;Kemenkeu;169;2012;;;;;
PP 162 Tahun 2015;2015|PP-162-2015;PP-162-2015;T-02;Presiden;162;2015;;;;;
PP 120 Tahun 2015;2015|PP-120-2015;PP-120-2015;T-02;Presiden;120;2015;;;;;
PP 168 Tahun 2015;2015|PP-168-2015;PP-168-2015;T-02;Presiden;168;2015;;;;;
PP 165 Tahun 2015;2015|PP-165-2015;PP-165-2015;T-02;Presiden;165;2015;;;;;
PP 166 Tahun 2015;2015|PP-166-2015;PP-166-2015;T-02;Presiden;166;2015;;;;;
PP 150 Tahun 2015;2015|PP-150-2015;PP-150-2015;T-02;Presiden;150;2015;;;;;
PP 62 Tahun 2003;2003|PP-62-2003;PP-62-2003;T-02;Presiden;62;2003;;;;;
Perpres 22 Tahun 2015;2015|PERPRES-22-2015;PERPRES-22-2015;T-03;Presiden;22;2015;;;;;
PP 139 Tahun 2015;2015|PP-139-2015;PP-139-2015;T-02;Presiden;139;2015;;;;;
UU 3 Tahun 2004;2004|UU-3-2004;UU-3-2004;T-01;DPR/Presiden;3;2004;;;;;
UU 11 Tahun 2008;2008|UU-11-2008;UU-11-2008;T-01;DPR/Presiden;11;2008;;;;;
PP 82 Tahun 2012;2012|PP-82-2012;PP-82-2012;T-02;Presiden;82;2012;;;;;
PMK 48/PMK.05/2007;2007|PMK-48-2007;PMK-48-2007;T-04;Kemenkeu;48;2007;;;;;
PMK 169/PMK.01/2009;2009|PMK-169-2009;PMK-169-2009;T-04;Kemenkeu;169;2009;;;;;
PMK 83/PMK.01/2015;2015|PMK-83-2015;PMK-83-2015;T-04;Kemenkeu;83;2015;;;;;
PMK 12/PMK.09/2015;2015|PMK-12-2015;PMK-12-2015;T-04;Kemenkeu;12;2015;;;;;
KMK 32/KMK.09/2013;2013|KMK-32-2013;KMK-32-2013;T-05;Kemenkeu;32;2013;;;;;
PMK 14/PMK.05/2013;2013|PMK-14-2013;PMK-14-2013;T-04;Kemenkeu;14;2013;;;;;
PMK 154/PMK.05/2015;2015|PMK-154-2015;PMK-154-2015;T-04;Kemenkeu;154;2015;;;;;
PMK 11/PMK.05/2016;2016|PMK-11-2016;PMK-11-2016;T-04;Kemenkeu;11;2016;;;;;
UU 12 Tahun 2011;2011|UU-12-2011;UU-12-2011;T-01;DPR/Presiden;12;2011;;;;;
Perpres 87 Tahun 2014;2014|PERPRES-87-2014;PERPRES-87-2014;T-03;Presiden;87;2014;;;;;
PMK 151/PMK.01/2010;2010|PMK-151-2010;PMK-151-2010;T-04;Kemenkeu;151;2010;;;;;
PMK 123/PMK.01/2012;2012|PMK-123-2012;PMK-123-2012;T-04;Kemenkeu;123;2012;;;;;
PP 33 Tahun 2016;2016|PP-33-2016;PP-33-2016;T-02;Presiden;33;2016;;;;;
UU 14 Tahun 2015;2015|UU-14-2015;UU-14-2015;T-01;DPR/Presiden;14;2015;;;;;
Perpres 137 Tahun 2015;2015|PERPRES-137-2015;PERPRES-137-2015;T-03;Presiden;137;2015;;;;;
PMK 143/PMK.02/2015;2015|PMK-143-2015;PMK-143-2015;T-04;Kemenkeu;143;2015;;;;;
PMK 15/PMK.02/2016;2016|PMK-15-2016;PMK-15-2016;T-04;Kemenkeu;15;2016;;;;;
PP 35 Tahun 2016;2016|PP-35-2016;PP-35-2016;T-02;Presiden;35;2016;;;;;
PP 36 Tahun 2016;2016|PP-36-2016;PP-36-2016;T-02;Presiden;36;2016;;;;;
PP 32 Tahun 2016;2016|PP-32-2016;PP-32-2016;T-02;Presiden;32;2016;;;;;
PP 34 Tahun 2016;2016|PP-34-2016;PP-34-2016;T-02;Presiden;34;2016;;;;;
PP 141 Tahun 2016;2016|PP-141-2016;PP-141-2016;T-02;Presiden;141;2016;;;;;
PMK 77/PMK.05/2016;2016|PMK-77-2016;PMK-77-2016;T-04;Kemenkeu;77;2016;;;;;
PMK 206/PMK.05/2010;2010|PMK-206-2010;PMK-206-2010;T-04;Kemenkeu;206;2010;;;;;
PMK 203/PMK/2013;2013|PMK-203-2013;PMK-203-2013;T-04;Kemenkeu;203;2013;;;;;
PP 25 Tahun 1981;1981|PP-25-1981;PP-25-1981;T-02;Presiden;25;1981;;;;;
PP 102 Tahun 2015;2015|PP-102-2015;PP-102-2015;T-02;Presiden;102;2015;;;;;
PP 20 Tahun 2013;2013|PP-20-2013;PP-20-2013;T-02;Presiden;20;2013;;;;;
PMK 121/PMK.05/2007;2007|PMK-121-2007;PMK-121-2007;T-04;Kemenkeu;121;2007;;;;;
PMK 76/PMK.05/2008;2008|PMK-76-2008;PMK-76-2008;T-04;Kemenkeu;76;2008;;;;;
Perpres 170 Tahun 2015;2015|PERPRES-170-2015;PERPRES-170-2015;T-03;Presiden;170;2015;;;;;
PMK 160/PMK.05/2016;2016|PMK-160-2016;PMK-160-2016;T-04;Kemenkeu;160;2016;;;;;
Perpres 85 Tahun 2016;2016|PERPRES-85-2016;PERPRES-85-2016;T-03;Presiden;85;2016;;;;;
PMK 234/PMK.05/2012;2012|PMK-234-2012;PMK-234-2012;T-04;Kemenkeu;234;2012;;;;;
Perpres 106 Tahun 2016;2016|PERPRES-106-2016;PERPRES-106-2016;T-03;Presiden;106;2016;;;;;
PMK 100/PMK.05/2016;2016|PMK-100-2016;PMK-100-2016;T-04;Kemenkeu;100;2016;;;;;
PMK 180/PMK.05/2016;2016|PMK-180-2016;PMK-180-2016;T-04;Kemenkeu;180;2016;;;;;
Perpres 107 Tahun 2016;2016|PERPRES-107-2016;PERPRES-107-2016;T-03;Presiden;107;2016;;;;;
PP 1 Tahun 2008;2008|PP-1-2008;PP-1-2008;T-02;Presiden;1;2008;;;;;
PMK 117/PMK.06/2005;2005|PMK-117-2005;PMK-117-2005;T-04;Kemenkeu;117;2005;;;;;
PMK 103/PMK.05/2008;2008|PMK-103-2008;PMK-103-2008;T-04;Kemenkeu;103;2008;;;;;
PMK 135/PMK.05/2008;2008|PMK-135-2008;PMK-135-2008;T-04;Kemenkeu;135;2008;;;;;
PMK 179/PMK.05/2008;2008|PMK-179-2008;PMK-179-2008;T-04;Kemenkeu;179;2008;;;;;
PMK 181/PMK.05/2008;2008|PMK-181-2008;PMK-181-2008;T-04;Kemenkeu;181;2008;;;;;
PMK 182/PMK.05/2008;2008|PMK-182-2008;PMK-182-2008;T-04;Kemenkeu;182;2008;;;;;
PMK 183/PMK.05/2008;2008|PMK-183-2008;PMK-183-2008;T-04;Kemenkeu;183;2008;;;;;
PMK 207/PMK.05/2008;2008|PMK-207-2008;PMK-207-2008;T-04;Kemenkeu;207;2008;;;;;
PMK 131/PMK.05/2009;2009|PMK-131-2009;PMK-131-2009;T-04;Kemenkeu;131;2009;;;;;
PMK 229/PMK.01/2009;2009|PMK-229-2009;PMK-229-2009;T-04;Kemenkeu;229;2009;;;;;
PMK 103/PMK.09/2010;2010|PMK-103-2010;PMK-103-2010;T-04;Kemenkeu;103;2010;;;;;
PMK 184/PMK.01/2010;2010|PMK-184-2010;PMK-184-2010;T-04;Kemenkeu;184;2010;;;;;
PMK 151/PMK.05/2011;2011|PMK-151-2011;PMK-151-2011;T-04;Kemenkeu;151;2011;;;;;
PMK 193/PMK.05/2011;2011|PMK-193-2011;PMK-193-2011;T-04;Kemenkeu;193;2011;;;;;
PMK 115/PMK.05/2012;2012|PMK-115-2012;PMK-115-2012;T-04;Kemenkeu;115;2012;;;;;
PMK 247/PMK.02/2012;2012|PMK-247-2012;PMK-247-2012;T-04;Kemenkeu;247;2012;;;;;
KMK 486/KMK.017/1999;1999|KMK-486-1999;KMK-486-1999;T-05;Kemenkeu;486;1999;;;;;
KMK 12/KMK.01/2010;2010|KMK-12-2010;KMK-12-2010;T-05;Kemenkeu;12;2010;;;;;
KMK 275/KMK.01/2010;2010|KMK-275-2010;KMK-275-2010;T-05;Kemenkeu;275;2010;;;;;
KMK 248/KMK.01/2013;2013|KMK-248-2013;KMK-248-2013;T-05;Kemenkeu;248;2013;;;;;
KEP-85/PB/2012;2012|KEP-85-PB-2012;KEP-85-PB-2012;T-07;Direktur Jenderal;85;2012;;;;;
KEP-107/PB/2012;2012|KEP-107-PB-2012;KEP-107-PB-2012;T-07;Direktur Jenderal;107;2012;;;;;
KEP-184/PB/2012;2012|KEP-184-PB-2012;KEP-184-PB-2012;T-07;Direktur Jenderal;184;2012;;;;;
KEP-34/PB/2013;2013|KEP-34-PB-2013;KEP-34-PB-2013;T-07;Direktur Jenderal;34;2013;;;;;
KEP-26/PB/2014;2014|KEP-26-PB-2014;KEP-26-PB-2014;T-07;Direktur Jenderal;26;2014;;;;;
KEP-133/PB/2014;2014|KEP-133-PB-2014;KEP-133-PB-2014;T-07;Direktur Jenderal;133;2014;;;;;
PP 49 Tahun 2011;2011|PP-49-2011;PP-49-2011;T-02;Presiden;49;2011;;;;;
PMK 159/PMK.05/2011;2011|PMK-159-2011;PMK-159-2011;T-04;Kemenkeu;159;2011;;;;;
PMK 44/PMK.05/2011;2011|PMK-44-2011;PMK-44-2011;T-04;Kemenkeu;44;2011;;;;;
PMK 241/PMK.05/2011;2011|PMK-241-2011;PMK-241-2011;T-04;Kemenkeu;241;2011;;;;;
PMK 91/PMK.011/2011;2011|PMK-91-2011;PMK-91-2011;T-04;Kemenkeu;91;2011;;;;;
PMK 153/PMK.05/2013;2013|PMK-153-2013;PMK-153-2013;T-04;Kemenkeu;153;2013;;;;;
KMK 528/KMK.017/2000;2000|KMK-528-2000;KMK-528-2000;T-05;Kemenkeu;528;2000;;;;;
KMK 454/KMK.01/2011;2011|KMK-454-2011;KMK-454-2011;T-05;Kemenkeu;454;2011;;;;;
KMK 151/KMK.01/2012;2012|KMK-151-2012;KMK-151-2012;T-05;Kemenkeu;151;2012;;;;;
UU 3 Tahun 2002;2002|UU-3-2002;UU-3-2002;T-01;DPR/Presiden;3;2002;;;;;
UU 34 Tahun 2004;2004|UU-34-2004;UU-34-2004;T-01;DPR/Presiden;34;2004;;;;;
UU 27 Tahun 2014;2014|UU-27-2014;UU-27-2014;T-01;DPR/Presiden;27;2014;;;;;
Perpres 162 Tahun 2014;2014|PERPRES-162-2014;PERPRES-162-2014;T-03;Presiden;162;2014;;;;;
PMK 171/PMK.02/2013;2013|PMK-171-2013;PMK-171-2013;T-04;Kemenkeu;171;2013;;;;;
PMK 136/PMK.02/2014;2014|PMK-136-2014;PMK-136-2014;T-04;Kemenkeu;136;2014;;;;;
PMK 257/PMK.02/2014;2014|PMK-257-2014;PMK-257-2014;T-04;Kemenkeu;257;2014;;;;;
PMK 208/PMK.02/2014;2014|PMK-208-2014;PMK-208-2014;T-04;Kemenkeu;208;2014;;;;;
Perpres 4 Tahun 2015;2015|PERPRES-4-2015;PERPRES-4-2015;T-03;Presiden;4;2015;;;;;
PMK 171/PMK.05/2007;2007|PMK-171-2007;PMK-171-2007;T-04;Kemenkeu;171;2007;;;;;
PMK 210/PMK.05/2013;2013|PMK-210-2013;PMK-210-2013;T-04;Kemenkeu;210;2013;;;;;
PMK 37/PMK.05/2011;2011|PMK-37-2011;PMK-37-2011;T-04;Kemenkeu;37;2011;;;;;
PMK 233/PMK.05/2011;2011|PMK-233-2011;PMK-233-2011;T-04;Kemenkeu;233;2011;;;;;
KMK 639/KMK.01/2014;2014|KMK-639-2014;KMK-639-2014;T-05;Kemenkeu;639;2014;;;;;
KMK 640/KMK.01/2014;2014|KMK-640-2014;KMK-640-2014;T-05;Kemenkeu;640;2014;;;;;
PMK 241/PMK.07/2014;2014|PMK-241-2014;PMK-241-2014;T-04;Kemenkeu;241;2014;;;;;
KMK 46/KMK.01/2014;2014|KMK-46-2014;KMK-46-2014;T-05;Kemenkeu;46;2014;;;;;
KMK 5/KMK.01/2013;2013|KMK-5-2013;KMK-5-2013;T-05;Kemenkeu;5;2013;;;;;
KMK 6/KMK.01/2013;2013|KMK-6-2013;KMK-6-2013;T-05;Kemenkeu;6;2013;;;;;
PMK 37/PMK.05/2007;2007|PMK-37-2007;PMK-37-2007;T-04;Kemenkeu;37;2007;;;;;
PMK 270/PMK.05/2014;2014|PMK-270-2014;PMK-270-2014;T-04;Kemenkeu;270;2014;;;;;
PMK 84/PMK.05/2014;2014|PMK-84-2014;PMK-84-2014;T-04;Kemenkeu;84;2014;;;;;
UU 11 Tahun 1969;1969|UU-11-1969;UU-11-1969;T-01;DPR/Presiden;11;1969;;;;;
PMK 128/PMK.06/2007;2007|PMK-128-2007;PMK-128-2007;T-04;Kemenkeu;128;2007;;;;;
PMK 105/PMK.02/2010;2010|PMK-105-2010;PMK-105-2010;T-04;Kemenkeu;105;2010;;;;;
PMK 248/PMK.05/2012;2012|PMK-248-2012;PMK-248-2012;T-04;Kemenkeu;248;2012;;;;;
PMK 88/PMK.06/2009;2009|PMK-88-2009;PMK-88-2009;T-04;Kemenkeu;88;2009;;;;;
PMK 221/PMK.05/2013;2013|PMK-221-2013;PMK-221-2013;T-04;Kemenkeu;221;2013;;;;;
KEP-241/PB/2015;2015|KEP-241-PB-2015;KEP-241-PB-2015;T-07;Direktur Jenderal;241;2015;;;;;
PMK 10/PMK.02/2013;2013|PMK-10-2013;PMK-10-2013;T-04;Kemenkeu;10;2013;;;;;
PMK 154/PMK.05/2013;2013|PMK-154-2013;PMK-154-2013;T-04;Kemenkeu;154;2013;;;;;
PMK 18/PMK.03/2011;2011|PMK-18-2011;PMK-18-2011;T-04;Kemenkeu;18;2011;;;;;
Perpres 113 Tahun 2015;2015|PERPRES-113-2015;PERPRES-113-2015;T-03;Presiden;113;2015;;;;;
Perpres 133 Tahun 2015;2015|PERPRES-133-2015;PERPRES-133-2015;T-03;Presiden;133;2015;;;;;
Perpres 129 Tahun 2015;2015|PERPRES-129-2015;PERPRES-129-2015;T-03;Presiden;129;2015;;;;;
Perpres 122 Tahun 2015;2015|PERPRES-122-2015;PERPRES-122-2015;T-03;Presiden;122;2015;;;;;
PMK 146/PMK.05/2015;2015|PMK-146-2015;PMK-146-2015;T-04;Kemenkeu;146;2015;;;;;
Perpres 128 Tahun 2015;2015|PERPRES-128-2015;PERPRES-128-2015;T-03;Presiden;128;2015;;;;;
Perpres 121 Tahun 2015;2015|PERPRES-121-2015;PERPRES-121-2015;T-03;Presiden;121;2015;;;;;
Perpres 130 Tahun 2015;2015|PERPRES-130-2015;PERPRES-130-2015;T-03;Presiden;130;2015;;;;;
Perpres 135 Tahun 2015;2015|PERPRES-135-2015;PERPRES-135-2015;T-03;Presiden;135;2015;;;;;
Perpres 136 Tahun 2015;2015|PERPRES-136-2015;PERPRES-136-2015;T-03;Presiden;136;2015;;;;;
KMK 36/KMK.01/2014;2014|KMK-36-2014;KMK-36-2014;T-05;Kemenkeu;36;2014;;;;;
Perpres 123 Tahun 2015;2015|PERPRES-123-2015;PERPRES-123-2015;T-03;Presiden;123;2015;;;;;
Perpres 151 Tahun 2015;2015|PERPRES-151-2015;PERPRES-151-2015;T-03;Presiden;151;2015;;;;;
Perpres 149 Tahun 2015;2015|PERPRES-149-2015;PERPRES-149-2015;T-03;Presiden;149;2015;;;;;
KEP-311/PB/2014;2014|KEP-311-PB-2014;KEP-311-PB-2014;T-07;Direktur Jenderal;311;2014;;;;;
KEP-157/PB/2015;2015|KEP-157-PB-2015;KEP-157-PB-2015;T-07;Direktur Jenderal;157;2015;;;;;
UU 8 Tahun 1974;1974|UU-8-1974;UU-8-1974;T-01;DPR/Presiden;8;1974;;;;;
UU 45 Tahun 1999;1999|UU-45-1999;UU-45-1999;T-01;DPR/Presiden;45;1999;;;;;
UU 25 Tahun 2002;2002|UU-25-2002;UU-25-2002;T-01;DPR/Presiden;25;2002;;;;;
UU 26 Tahun 2004;2004|UU-26-2004;UU-26-2004;T-01;DPR/Presiden;26;2004;;;;;
KEP-185/PB/2010;2010|KEP-185-PB-2010;KEP-185-PB-2010;T-07;Direktur Jenderal;185;2010;;;;;
KEP-231/PB/2012;2012|KEP-231-PB-2012;KEP-231-PB-2012;T-07;Direktur Jenderal;231;2012;;;;;
KEP-26/PB/2013;2013|KEP-26-PB-2013;KEP-26-PB-2013;T-07;Direktur Jenderal;26;2013;;;;;
KEP-163/PB/2011;2011|KEP-163-PB-2011;KEP-163-PB-2011;T-07;Direktur Jenderal;163;2011;;;;;
Perpres 12 Tahun 2013;2013|PERPRES-12-2013;PERPRES-12-2013;T-03;Presiden;12;2013;;;;;
Perpres 111 Tahun 2013;2013|PERPRES-111-2013;PERPRES-111-2013;T-03;Presiden;111;2013;;;;;
UU 23 Tahun 2013;2013|UU-23-2013;UU-23-2013;T-01;DPR/Presiden;23;2013;;;;;
PMK 94/PMK.02/2013;2013|PMK-94-2013;PMK-94-2013;T-04;Kemenkeu;94;2013;;;;;
PMK 25/PMK.05/2012;2012|PMK-25-2012;PMK-25-2012;T-04;Kemenkeu;25;2012;;;;;
PMK 7/PMK.02/2014;2014|PMK-7-2014;PMK-7-2014;T-04;Kemenkeu;7;2014;;;;;
PMK 194/PMK.02/2013;2013|PMK-194-2013;PMK-194-2013;T-04;Kemenkeu;194;2013;;;;;
PMK 60/PMK.05/2011;2011|PMK-60-2011;PMK-60-2011;T-04;Kemenkeu;60;2011;;;;;
PMK 246/PMK.01/2011;2011|PMK-246-2011;PMK-246-2011;T-04;Kemenkeu;246;2011;;;;;
KMK 357/KMK.01/2011;2011|KMK-357-2011;KMK-357-2011;T-05;Kemenkeu;357;2011;;;;;
KEP-30/PB/2012;2012|KEP-30-PB-2012;KEP-30-PB-2012;T-07;Direktur Jenderal;30;2012;;;;;
PMK 80/PMK.01/2013;2013|PMK-80-2013;PMK-80-2013;T-04;Kemenkeu;80;2013;;;;;
KMK 453/KMK.01/2013;2013|KMK-453-2013;KMK-453-2013;T-05;Kemenkeu;453;2013;;;;;
UU 43 Tahun 1999;1999|UU-43-1999;UU-43-1999;T-01;DPR/Presiden;43;1999;;;;;
PMK 216/PMK.05/2009;2009|PMK-216-2009;PMK-216-2009;T-04;Kemenkeu;216;2009;;;;;
PMK 230/PMK.05/2011;2011|PMK-230-2011;PMK-230-2011;T-04;Kemenkeu;230;2011;;;;;
PMK 218/PMK.05/2013;2013|PMK-218-2013;PMK-218-2013;T-04;Kemenkeu;218;2013;;;;;
PMK 22/PMK.05/2014;2014|PMK-22-2014;PMK-22-2014;T-04;Kemenkeu;22;2014;;;;;
PMK 250/PMK.05/2012;2012|PMK-250-2012;PMK-250-2012;T-04;Kemenkeu;250;2012;;;;;
PMK 169/PMK.01/2010;2010|PMK-169-2010;PMK-169-2010;T-04;Kemenkeu;169;2010;;;;;
PMK 07/PMK.02/2014;2014|PMK-07-2014;PMK-07-2014;T-04;Kemenkeu;7;2014;;;;;
PMK 69/PMK.01/2010;2010|PMK-69-2010;PMK-69-2010;T-04;Kemenkeu;69;2010;;;;;
PMK 454/PMK.01/2011;2011|PMK-454-2011;PMK-454-2011;T-04;Kemenkeu;454;2011;;;;;
PMK 151/PMK.01/2012;2012|PMK-151-2012;PMK-151-2012;T-04;Kemenkeu;151;2012;;;;;
PMK 98/PMK.05/2007;2007|PMK-98-2007;PMK-98-2007;T-04;Kemenkeu;98;2007;;;;;
PMK 183/PMK.07/2013;2013|PMK-183-2013;PMK-183-2013;T-04;Kemenkeu;183;2013;;;;;
KMK 512/KMK.01/2009;2009|KMK-512-2009;KMK-512-2009;T-05;Kemenkeu;512;2009;;;;;
PP 7 Tahun 2008;2008|PP-7-2008;PP-7-2008;T-02;Presiden;7;2008;;;;;
PMK 156/PMK.07/2008;2008|PMK-156-2008;PMK-156-2008;T-04;Kemenkeu;156;2008;;;;;
PMK 1/PMK.06/2013;2013|PMK-1-2013;PMK-1-2013;T-04;Kemenkeu;1;2013;;;;;
KMK 59/KMK.06/2013;2013|KMK-59-2013;KMK-59-2013;T-05;Kemenkeu;59;2013;;;;;
PMK 248/PMK.07/2010;2010|PMK-248-2010;PMK-248-2010;T-04;Kemenkeu;248;2010;;;;;
PMK 90/PMK.06/2013;2013|PMK-90-2013;PMK-90-2013;T-04;Kemenkeu;90;2013;;;;;
PMK 16/PMK.03/2011;2011|PMK-16-2011;PMK-16-2011;T-04;Kemenkeu;16;2011;;;;;
PMK 145/PMK.07/2013;2013|PMK-145-2013;PMK-145-2013;T-04;Kemenkeu;145;2013;;;;;
PMK 28/PMK.05/2010;2010|PMK-28-2010;PMK-28-2010;T-04;Kemenkeu;28;2010;;;;;
PMK 232/PMK.05/2012;2012|PMK-232-2012;PMK-232-2012;T-04;Kemenkeu;232;2012;;;;;
PER-1/PB/2005;2005|PER-1-PB-2005;PER-1-PB-2005;T-06;DJPb;1;2005;;;;;
PER-66/PB/2006;2006|PER-66-PB-2006;PER-66-PB-2006;T-06;DJPb;66;2006;;;;;
PER-78/PB/2006;2006|PER-78-PB-2006;PER-78-PB-2006;T-06;DJPb;78;2006;;;;;
PER-05/PB/2007;2007|PER-05-PB-2007;PER-05-PB-2007;T-06;DJPb;5;2007;;;;;
PER-62/PB/2007;2007|PER-62-PB-2007;PER-62-PB-2007;T-06;DJPb;62;2007;;;;;
PER-65/PB/2007;2007|PER-65-PB-2007;PER-65-PB-2007;T-06;DJPb;65;2007;;;;;
PER-06/PB/2008;2008|PER-06-PB-2008;PER-06-PB-2008;T-06;DJPb;6;2008;;;;;
PER-58/PB/2008;2008|PER-58-PB-2008;PER-58-PB-2008;T-06;DJPb;58;2008;;;;;
PER-36/PB/2009;2009|PER-36-PB-2009;PER-36-PB-2009;T-06;DJPb;36;2009;;;;;
PER-37/PB/2009;2009|PER-37-PB-2009;PER-37-PB-2009;T-06;DJPb;37;2009;;;;;
PER-47/PB/2009;2009|PER-47-PB-2009;PER-47-PB-2009;T-06;DJPb;47;2009;;;;;
PER-10/PB/2010;2010|PER-10-PB-2010;PER-10-PB-2010;T-06;DJPb;10;2010;;;;;
PER-12/PB/2010;2010|PER-12-PB-2010;PER-12-PB-2010;T-06;DJPb;12;2010;;;;;
PER-18/PB/2010;2010|PER-18-PB-2010;PER-18-PB-2010;T-06;DJPb;18;2010;;;;;
PER-32/PB/2010;2010|PER-32-PB-2010;PER-32-PB-2010;T-06;DJPb;32;2010;;;;;
PER-57/PB/2010;2010|PER-57-PB-2010;PER-57-PB-2010;T-06;DJPb;57;2010;;;;;
PER-66/PB/2010;2010|PER-66-PB-2010;PER-66-PB-2010;T-06;DJPb;66;2010;;;;;
PER-67/PB/2010;2010|PER-67-PB-2010;PER-67-PB-2010;T-06;DJPb;67;2010;;;;;
PER-12/PB/2011;2011|PER-12-PB-2011;PER-12-PB-2011;T-06;DJPb;12;2011;;;;;
PER-13/PB/2011;2011|PER-13-PB-2011;PER-13-PB-2011;T-06;DJPb;13;2011;;;;;
PER-30/PB/2011;2011|PER-30-PB-2011;PER-30-PB-2011;T-06;DJPb;30;2011;;;;;
PER-56/PB/2011;2011|PER-56-PB-2011;PER-56-PB-2011;T-06;DJPb;56;2011;;;;;
PER-6/PB/2011;2011|PER-6-PB-2011;PER-6-PB-2011;T-06;DJPb;6;2011;;;;;
PER-69/PB/2011;2011|PER-69-PB-2011;PER-69-PB-2011;T-06;DJPb;69;2011;;;;;
PER-72/PB/2011;2011|PER-72-PB-2011;PER-72-PB-2011;T-06;DJPb;72;2011;;;;;
PER-74/PB/2011;2011|PER-74-PB-2011;PER-74-PB-2011;T-06;DJPb;74;2011;;;;;
PER-8/PB/2011;2011|PER-8-PB-2011;PER-8-PB-2011;T-06;DJPb;8;2011;;;;;
PER-82/PB/2011;2011|PER-82-PB-2011;PER-82-PB-2011;T-06;DJPb;82;2011;;;;;
PER-83/PB/2011;2011|PER-83-PB-2011;PER-83-PB-2011;T-06;DJPb;83;2011;;;;;
PER-12/PB/2012;2012|PER-12-PB-2012;PER-12-PB-2012;T-06;DJPb;12;2012;;;;;
PER-13/PB/2012;2012|PER-13-PB-2012;PER-13-PB-2012;T-06;DJPb;13;2012;;;;;
PER-26/PB/2012;2012|PER-26-PB-2012;PER-26-PB-2012;T-06;DJPb;26;2012;;;;;
PER-33/PB/2012;2012|PER-33-PB-2012;PER-33-PB-2012;T-06;DJPb;33;2012;;;;;
PER-52/PB/2012;2012|PER-52-PB-2012;PER-52-PB-2012;T-06;DJPb;52;2012;;;;;
PER-56/PB/2012;2012|PER-56-PB-2012;PER-56-PB-2012;T-06;DJPb;56;2012;;;;;
PER-38/PB/2013;2013|PER-38-PB-2013;PER-38-PB-2013;T-06;DJPb;38;2013;;;;;
PER-2/PB/2013;2013|PER-2-PB-2013;PER-2-PB-2013;T-06;DJPb;2;2013;;;;;
PER-12/PB/2013;2013|PER-12-PB-2013;PER-12-PB-2013;T-06;DJPb;12;2013;;;;;
PER-13/PB/2013;2013|PER-13-PB-2013;PER-13-PB-2013;T-06;DJPb;13;2013;;;;;
PER-14/PB/2013;2013|PER-14-PB-2013;PER-14-PB-2013;T-06;DJPb;14;2013;;;;;
PER-17/PB/2013;2013|PER-17-PB-2013;PER-17-PB-2013;T-06;DJPb;17;2013;;;;;
PER-23/PB/2013;2013|PER-23-PB-2013;PER-23-PB-2013;T-06;DJPb;23;2013;;;;;
PER-26/PB/2013;2013|PER-26-PB-2013;PER-26-PB-2013;T-06;DJPb;26;2013;;;;;
PER-3/PB/2013;2013|PER-3-PB-2013;PER-3-PB-2013;T-06;DJPb;3;2013;;;;;
PER-30/PB/2013;2013|PER-30-PB-2013;PER-30-PB-2013;T-06;DJPb;30;2013;;;;;
PER-31/PB/2013;2013|PER-31-PB-2013;PER-31-PB-2013;T-06;DJPb;31;2013;;;;;
PER-34/PB/2013;2013|PER-34-PB-2013;PER-34-PB-2013;T-06;DJPb;34;2013;;;;;
PER-39/PB/2013;2013|PER-39-PB-2013;PER-39-PB-2013;T-06;DJPb;39;2013;;;;;
PER-41/PB/2013;2013|PER-41-PB-2013;PER-41-PB-2013;T-06;DJPb;41;2013;;;;;
PER-43/PB/2013;2013|PER-43-PB-2013;PER-43-PB-2013;T-06;DJPb;43;2013;;;;;
PER-45/PB/2013;2013|PER-45-PB-2013;PER-45-PB-2013;T-06;DJPb;45;2013;;;;;
PER-5/PB/2013;2013|PER-5-PB-2013;PER-5-PB-2013;T-06;DJPb;5;2013;;;;;
PER-53/PB/2013;2013|PER-53-PB-2013;PER-53-PB-2013;T-06;DJPb;53;2013;;;;;
PER-57/PB/2013;2013|PER-57-PB-2013;PER-57-PB-2013;T-06;DJPb;57;2013;;;;;
PER-58/ PB/2013;2013|PER-58- PB-2013;PER-58- PB-2013;T-06;DJPb;58;2013;;;;;
PER-58/PB/2013;2013|PER-58-PB-2013;PER-58-PB-2013;T-06;DJPb;58;2013;;;;;
PER-60/PB/2013;2013|PER-60-PB-2013;PER-60-PB-2013;T-06;DJPb;60;2013;;;;;
PER-61/PB/2013;2013|PER-61-PB-2013;PER-61-PB-2013;T-06;DJPb;61;2013;;;;;
PER-8/PB/2013;2013|PER-8-PB-2013;PER-8-PB-2013;T-06;DJPb;8;2022;;;;;
PMK 118/PMK.07/2022;2022|PMK-118-2022;PMK-118-2022;T-04;Kemenkeu;118;2022;;;;;
PMK 218/PMK.05/2016;2016|PMK-218-2016;PMK-218-2016;T-04;Kemenkeu;218;2016;;;;;
PMK 62/PMK.02/2016;2016|PMK-62-2016;PMK-62-2016;T-04;Kemenkeu;62;2016;;;;;
KEP-431/PB/2015;2015|KEP-431-PB-2015;KEP-431-PB-2015;T-07;Direktur Jenderal;431;2015;;;;;
PMK 262 Tahun 2016;2016|PMK-262-2016;PMK-262-2016;T-04;Kemenkeu;262;2016;;;;;
PMK 64/PMK.02/2018;2018|PMK-64-2018;PMK-64-2018;T-04;Kemenkeu;64;2018;;;;;
KEP-112/PB/2023;2023|KEP-112-PB-2023;KEP-112-PB-2023;T-07;Direktur Jenderal;112;2023;;;;;
PMK 139 Tahun 2023;2023|PMK-139-2023;PMK-139-2023;T-04;Kemenkeu;139;2023;;;;;
PMK 97/PMK.05/2017;2017|PMK-97-2017;PMK-97-2017;T-04;Kemenkeu;97;2017;;;;;
KEP-428/PB/2016;2016|KEP-428-PB-2016;KEP-428-PB-2016;T-07;Direktur Jenderal;428;2016;;;;;
KEP-272/PB/2017;2017|KEP-272-PB-2017;KEP-272-PB-2017;T-07;Direktur Jenderal;272;2017;;;;;
PMK 262/PMK.05/2016;2016|PMK-262-2016;PMK-262-2016;T-04;Kemenkeu;262;2016;;;;;
PMK 149/PMK.01/2019;2019|PMK-149-2019;PMK-149-2019;T-04;Kemenkeu;149;2019;;;;;
KEP-261/PB/2016;2016|KEP-261-PB-2016;KEP-261-PB-2016;T-07;Direktur Jenderal;261;2016;;;;;
PMK 148 Tahun 2019;2019|PMK-148-2019;PMK-148-2019;T-04;Kemenkeu;148;2019;;;;;
PMK 149 Tahun 2019;2019|PMK-149-2019;PMK-149-2019;T-04;Kemenkeu;149;2019;;;;;
KEP-703/PB/2016;2016|KEP-703-PB-2016;KEP-703-PB-2016;T-07;Direktur Jenderal;703;2016;;;;;
KEP-287/PB/2016;2016|KEP-287-PB-2016;KEP-287-PB-2016;T-07;Direktur Jenderal;287;2016;;;;;
PMK 208/PMK.02/2017;2017|PMK-208-2017;PMK-208-2017;T-04;Kemenkeu;208;2017;;;;;
PMK 67/PMK.07/2013;2013|PMK-67-2013;PMK-67-2013;T-04;Kemenkeu;67;2013;;;;;
PMK 215/PMK.05/2016;2016|PMK-215-2016;PMK-215-2016;T-04;Kemenkeu;215;2016;;;;;
PMK 152/PMK.09/2011;2011|PMK-152-2011;PMK-152-2011;T-04;Kemenkeu;152;2011;;;;;
PMK 160/PMK.02/2015;2015|PMK-160-2015;PMK-160-2015;T-04;Kemenkeu;160;2015;;;;;
